Released,week,individual,treatment,weight,SVL,BCI,SMI,ID
0,0,1,nb,4.4,35.3,0.125,16.2,
0,0,1,b,5.3,35.2,0.151,13.4,
0,0,2,nb,3.2,32.3,0.099,11,
0,0,2,b,4.1,33.9,0.121,12.4,
0,0,3,nb,4.4,35.2,0.125,13.4,
0,0,3,b,6.7,39.8,0.168,11,
0,0,4,nb,5.6,37.5,0.149,14.4,
0,0,4,b,3.4,30,0.113,13.4,
0,0,5,nb,3.6,33.4,0.108,12.3,
0,0,5,b,3.9,32.9,0.119,10.8,
0,0,6,nb,3.8,32.5,0.117,13.1,
0,0,6,b,3.5,32.3,0.108,13.6,
0,0,7,nb,3.4,32.4,0.105,16.6,
0,0,7,b,4.8,36.2,0.133,12.1,
0,0,8,nb,5,36.2,0.138,12.5,
0,0,8,b,4.9,36.2,0.135,11,
0,0,9,nb,3.5,32.5,0.108,12.6,
0,0,9,b,5.3,35.6,0.149,12.6,
0,0,10,nb,2.8,30.6,0.092,14.6,
0,0,10,b,3.6,32,0.113,14.1,
0,0,11,nb,5,36,0.139,14.3,
0,0,11,b,3.9,32.6,0.12,12.6,
0,0,12,nb,3.2,32.1,0.1,13.4,
0,0,12,b,4,34.8,0.115,12.5,
0,0,13,nb,5.1,36,0.142,13.1,
0,0,13,b,3.8,32.9,0.116,10.9,
0,0,14,nb,4.3,34.3,0.125,15.7,
0,0,14,b,4.7,35.3,0.133,14.6,
0,0,15,nb,5.9,38.1,0.155,13.5,
0,0,15,b,2.8,31.4,0.089,13.3,
0,0,16,nb,4.8,35,0.137,14.7,
0,0,16,b,5.2,37.6,0.138,14.6,
0,0,17,nb,3.3,31.7,0.104,13.6,
0,0,17,b,4.3,34.2,0.126,14,
0,0,18,nb,2.6,30.7,0.085,14.4,
0,0,18,b,3.5,34.1,0.103,22.1,
0,0,19,nb,4.6,35.6,0.129,14.2,
0,0,19,b,2.9,30.9,0.094,15,
0,0,20,nb,4.1,34.5,0.119,18.8,
0,0,20,b,4.4,35.5,0.124,10.6,
0,0,21,nb,3.4,33.6,0.101,18.5,
0,0,21,b,4.7,36,0.131,13.1,
0,0,22,nb,4.4,35.4,0.124,18.4,
0,0,22,b,4.2,33.3,0.126,15.2,
0,0,23,nb,5.2,35.7,0.146,17.1,
0,0,23,b,3.2,32.1,0.1,13.5,
0,0,24,nb,5,37.2,0.134,14.9,
0,0,24,b,3.8,31.8,0.119,12.8,
0,0,25,nb,4.7,35.2,0.134,16.5,
0,0,25,b,5.4,36.8,0.147,11.6,
0,0,26,nb,3.6,34.1,0.106,17.1,
0,0,26,b,3.7,33.2,0.111,16.4,
0,0,27,nb,3.6,32.9,0.109,19.5,
0,0,27,b,4.2,33.9,0.124,17,
0,0,28,nb,4.4,35.1,0.125,16.4,
0,0,28,b,3.6,32.3,0.111,15,
0,0,29,nb,2.6,31.4,0.083,21.7,
0,0,29,b,4.7,35,0.134,13.2,
0,0,30,nb,4.2,35.8,0.117,19.3,
0,0,30,b,3.3,31.6,0.104,11.2,
0,0,31,nb,3,32.3,0.093,14.8,
0,0,31,b,4.5,35.7,0.126,11.3,
0,0,32,nb,4.9,35.1,0.14,17.2,
0,0,32,b,2.7,30.2,0.089,11.3,
0,0,33,nb,3.8,32,0.119,16.5,
0,0,33,b,5.5,37.8,0.146,11.5,
0,0,34,nb,2.8,30.3,0.092,13.5,
0,0,34,b,3.8,34.3,0.111,14.2,
0,0,35,nb,2.7,29.3,0.092,17.1,
0,0,35,b,3.2,31.8,0.101,13.8,
0,0,36,nb,5.2,36.1,0.144,15,
0,0,36,b,4.2,34.4,0.122,11.4,
0,0,37,nb,6.1,37.4,0.163,15.4,
0,0,37,b,4.6,35.2,0.131,12.9,
0,0,38,nb,5.7,37.8,0.151,16.5,
0,0,38,b,5.3,36.4,0.146,15.1,
0,0,39,nb,7.8,40.9,0.191,14.4,
0,0,39,b,4.1,32.6,0.126,12,
0,0,40,nb,5.1,36,0.142,16.9,
0,0,40,b,3.9,34.8,0.112,11,
0,0,41,nb,5.7,37.2,0.153,17.2,
0,0,41,b,4.3,34.4,0.125,12.2,
0,0,42,nb,6.1,38.3,0.159,19.4,
0,0,42,b,4.5,35.4,0.127,10.9,
0,0,43,nb,5.6,37.2,0.151,16.7,
0,0,43,b,5,35.6,0.14,10.2,
0,0,44,nb,3.8,34.2,0.111,15.5,
0,0,44,b,4.7,36.4,0.129,12.2,
0,0,45,nb,6.6,40,0.165,14.2,
0,0,45,b,3.8,34.6,0.11,10.9,
0,0,46,nb,5.3,36.2,0.146,16.4,
0,0,46,b,5.3,36.7,0.144,14,
0,0,47,nb,6.9,40.1,0.172,13.9,
0,0,47,b,3.9,33.8,0.115,14,
0,0,48,nb,5.1,37.3,0.137,15.9,
0,0,48,b,4.5,36.5,0.123,10.2,
0,0,49,nb,4.5,34.4,0.131,17.5,
0,0,49,b,5,36.3,0.138,12.9,
0,0,50,nb,6.6,40.5,0.163,17.1,
0,0,50,b,5.4,37.7,0.143,12.4,
0,0,51,nb,4.7,35.9,0.131,13.7,
0,0,51,b,4.9,35.6,0.138,11.6,
0,0,52,nb,5.4,36.4,0.148,15.1,
0,0,52,b,4.5,36.5,0.123,13.3,
0,0,53,nb,4.8,36,0.133,15.2,
0,0,53,b,4.6,34.8,0.132,12.3,
0,0,54,nb,4.2,35.3,0.119,14.9,
0,0,54,b,4.3,35,0.123,13.7,
0,0,55,nb,6.3,38,0.166,18.4,
0,0,55,b,3.8,33.6,0.113,14,
0,0,56,nb,5.7,37.9,0.15,14.3,
0,0,56,b,3.1,31.6,0.098,14.7,
0,0,57,nb,6,38.6,0.155,15.6,
0,0,57,b,4.5,34.9,0.129,21.3,
0,0,58,nb,3.5,33.2,0.105,19,
0,0,58,b,4.1,34.3,0.12,12.7,
0,0,59,nb,4.6,35.7,0.129,14.9,
0,0,59,b,3.5,33.2,0.105,12.6,
0,0,60,nb,5.2,37.5,0.139,15.1,
0,0,60,b,4.6,35.7,0.129,12.3,
0,0,61,nb,4.2,35.6,0.118,15.3,
0,0,61,b,3.4,32.6,0.104,11.4,
0,0,62,nb,4.4,35,0.126,13.9,
0,0,62,b,4.4,33.7,0.131,12.6,
0,0,63,nb,6,37.6,0.16,14,
0,0,63,b,3.8,32.7,0.116,12.4,
0,0,64,nb,4.3,35.7,0.12,11.3,
0,0,64,b,3.3,31.1,0.106,9.5,
0,0,65,nb,4.2,34.6,0.121,19.9,
0,0,65,b,4.1,33.8,0.121,14.6,
0,0,66,nb,5.1,36.3,0.14,15.3,
0,0,66,b,4.8,35.5,0.135,14,
0,0,67,nb,5,36.3,0.138,17.8,
0,0,67,b,4,33,0.121,12.2,
0,0,68,nb,4.4,34.2,0.129,9.8,
0,0,68,b,4.1,34.1,0.12,10.9,
0,0,69,nb,4.5,35.7,0.126,15.7,
0,0,69,b,3.5,33.4,0.105,16,
0,0,70,nb,5.5,36.5,0.151,15.1,
0,0,70,b,5,35.6,0.14,13.6,
0,0,71,nb,4.7,36.3,0.129,12.1,
0,0,71,b,4.3,33.7,0.128,12.3,
0,0,72,nb,5.3,37.5,0.141,16.7,
0,0,72,b,5.2,37,0.141,13.1,
0,0,73,nb,4.7,35.9,0.131,14.1,
0,0,73,b,4.6,34.2,0.135,11.3,
0,0,74,nb,5,36,0.139,16.9,
0,0,74,b,8.8,41.4,0.213,12.7,
0,4,1,nb,5.2,38.2,0.136,12.2,
0,4,1,b,5.17,35.9,0.144,12.7,
0,4,2,nb,7.14,39.4,0.181,15.4,
0,4,2,b,3.1,30.4,0.102,12,
0,4,3,nb,7.02,39.5,0.178,13.3,
0,4,3,b,4.47,35.6,0.126,13.5,
0,4,4,nb,7.08,40,0.177,16.1,
0,4,4,b,5.34,36.5,0.146,12,
0,4,5,nb,6.31,38.3,0.165,10.8,
0,4,5,b,4.33,33.4,0.13,11.7,
0,4,6,nb,4.97,34.7,0.143,19.7,
0,4,6,b,4.36,35.3,0.124,14.2,
0,4,7,nb,5.92,37.3,0.159,12.3,
0,4,7,b,3.83,34.4,0.111,11.9,
0,4,8,nb,6.38,38.8,0.164,13.6,
0,4,8,b,6,38.1,0.157,13.2,
0,4,9,nb,7.76,41.3,0.188,15.9,
0,4,9,b,6.59,40.3,0.164,11.8,
0,4,10,nb,6.09,38.7,0.157,13.2,
0,4,10,b,5.08,35.3,0.144,11.7,
0,4,11,nb,9.26,44.3,0.209,14.6,
0,4,11,b,4.2,33,0.127,13,
0,4,12,nb,8.1,43.7,0.185,12.5,
0,4,12,b,3.55,32.9,0.108,10.4,
0,4,13,nb,5.1,35.8,0.142,16.1,
0,4,13,b,3.48,32,0.109,13,
0,4,14,nb,6.46,39,0.166,11.4,
0,4,14,b,3.73,34.3,0.109,12.7,
0,4,15,nb,5.92,37.3,0.159,9.6,
0,4,15,b,3.61,32.6,0.111,12.1,
0,4,16,nb,4.77,36.8,0.13,12.4,
0,4,16,b,4.85,35.5,0.137,13.4,
0,4,17,nb,6.04,36.7,0.165,11.5,
0,4,17,b,4.72,35.7,0.132,13.5,
0,4,18,nb,4.91,34.1,0.144,15.2,
0,4,18,b,3.58,32.8,0.109,11.1,
0,4,19,nb,5.22,35.2,0.148,14.5,
0,4,19,b,4.28,34.6,0.124,13.2,
0,4,20,nb,5.87,36.9,0.159,18,
0,4,20,b,5.31,36.5,0.145,10.1,
0,4,21,nb,5.12,37,0.138,17.4,
0,4,21,b,3.62,31.4,0.115,13.3,
0,4,22,nb,6.31,38.8,0.163,14.1,
0,4,22,b,3.4,32.2,0.106,11.8,
0,4,23,nb,6.16,37.3,0.165,20,
0,4,23,b,3.85,32.9,0.117,12.7,
0,4,24,nb,7.38,39.6,0.186,16.1,
0,4,24,b,3.36,32,0.105,13.8,
0,4,25,nb,6.33,39.4,0.161,12.8,
0,4,25,b,3.01,30.8,0.098,11.6,
0,4,26,nb,5.83,39,0.149,22.1,
0,4,26,b,4.12,35,0.118,12.3,
0,4,27,nb,5.08,37.2,0.137,15.8,
0,4,27,b,3.38,32.3,0.105,14.3,
0,4,28,nb,5.85,37.1,0.158,19.4,
0,4,28,b,4.43,33,0.134,11.9,
0,4,29,nb,4.67,34.9,0.134,15.8,
0,4,29,b,4.81,35.8,0.134,11.4,
0,4,30,nb,5.88,38.5,0.153,18.1,
0,4,30,b,3.01,30.7,0.098,12,
0,4,31,nb,6.37,37.8,0.169,18.9,
0,4,31,b,4.44,35.8,0.124,13.6,
0,4,32,nb,6.25,38.1,0.164,14.2,
0,4,32,b,4,33.5,0.119,12.3,
0,4,33,nb,4.53,34.5,0.131,13.8,
0,4,33,b,3.83,34.4,0.111,13.3,
0,4,34,nb,5.49,37.9,0.145,17.8,
0,4,34,b,4.34,34,0.128,13,
0,4,35,nb,5.2,35.6,0.146,17.6,
0,4,35,b,3.93,33.1,0.119,14.1,
0,4,36,nb,5.36,37.4,0.143,21,
0,4,36,b,4.6,34.9,0.132,14.8,
0,4,37,nb,7.1,40.2,0.177,14.6,
0,4,37,b,4.95,36.8,0.135,12.3,
0,4,38,nb,5.03,36.6,0.137,15.5,
0,4,38,b,5.1,36.2,0.141,12.9,
0,4,39,nb,5.73,38.3,0.15,14.1,
0,4,39,b,8.53,41.7,0.205,10.9,
0,4,40,nb,7.33,40.2,0.182,15.5,
0,4,40,b,4.22,34.5,0.122,14.3,
0,4,41,nb,5.21,36.4,0.143,17.3,
0,4,41,b,4.01,33.2,0.121,13.5,
0,4,42,nb,5.27,36.3,0.145,21.7,
0,4,42,b,3.81,32.2,0.118,9.5,
0,4,43,nb,5.43,36.8,0.148,13.1,
0,4,43,b,3.49,31.9,0.109,12.9,
0,4,44,nb,4.43,33.1,0.134,15.3,
0,4,44,b,4.13,34.2,0.121,12.2,
0,4,45,nb,4.79,35.5,0.135,16.7,
0,4,45,b,4.18,35.1,0.119,12.6,
0,4,46,nb,3.63,33.4,0.109,17.9,
0,4,46,b,2.82,31,0.091,12.8,
0,4,47,nb,7.24,37.9,0.191,14.4,
0,4,47,b,5.35,38.2,0.14,12.1,
0,4,48,nb,5.38,36.6,0.147,14.4,
0,4,48,b,4.78,35.4,0.135,12.4,
0,4,49,nb,6.33,37,0.171,15.8,
0,4,49,b,4.03,34.4,0.117,16.2,
0,4,50,nb,2.82,29.9,0.094,13.4,
0,4,50,b,3.48,33.1,0.105,13.5,
0,4,51,nb,5.53,36.7,0.151,19.4,
0,4,51,b,5.44,35.4,0.154,20.7,
0,4,52,nb,5.49,37.8,0.145,17.7,
0,4,52,b,4.71,36.1,0.13,12.8,
0,4,53,nb,3.76,32.4,0.116,16.3,
0,4,53,b,4.08,34.5,0.118,12.2,
0,4,54,nb,6.09,37.9,0.161,20,
0,4,54,b,4.33,34.3,0.126,13.3,
0,4,55,nb,4.76,35,0.136,13.5,
0,4,55,b,3.68,34,0.108,13.9,
0,4,56,nb,6,36.9,0.163,16.7,
0,4,56,b,4.29,35,0.123,13,
0,4,57,nb,3.9,33.2,0.117,13.9,
0,4,57,b,4.18,34.3,0.122,11.2,
0,4,58,nb,5.24,35.5,0.148,16.2,
0,4,58,b,3.96,34.3,0.115,12.5,
0,4,59,nb,4.41,34.6,0.127,21.7,
0,4,59,b,4.61,35.4,0.13,11.6,
0,4,60,nb,5.89,38,0.155,16.1,
0,4,60,b,4.13,35.8,0.115,14,
0,4,61,nb,3.21,31,0.104,8.5,
0,4,61,b,3.95,35,0.113,17.6,
0,4,62,nb,7.63,40.2,0.19,14.6,
0,4,62,b,5,36.6,0.137,12.7,
0,4,63,nb,3.93,33.3,0.118,17.9,
0,4,63,b,3.86,33.6,0.115,15.2,
0,4,64,nb,4.52,34.5,0.131,15.9,
0,4,64,b,4.39,34.5,0.127,13.3,
0,4,65,nb,5.5,35.9,0.153,10.7,
0,4,65,b,3.78,33.3,0.114,10.8,
0,4,66,nb,4.11,32.5,0.126,11.7,
0,4,66,b,3.67,32.6,0.113,12.9,
0,4,67,nb,5.01,35.8,0.14,15.1,
0,4,67,b,4.35,34.8,0.125,11.2,
0,4,68,nb,4.03,33.5,0.12,17.5,
0,4,68,b,3.32,33.2,0.1,12,
0,4,69,nb,5.82,37.6,0.155,14.7,
0,4,69,b,4.59,36.6,0.125,14.4,
0,4,70,nb,3.55,32.4,0.11,10.9,
0,4,70,b,4.3,35.3,0.122,16.5,
0,4,71,nb,2.8,30.4,0.092,19,
0,4,71,b,4,34.4,0.116,12.4,
0,4,72,nb,3.89,32.7,0.119,9.1,
0,4,72,b,4.54,35.2,0.129,14.2,
0,4,73,nb,3.38,30.5,0.111,12.8,
0,4,73,b,4.63,35.7,0.13,9.6,
0,4,74,nb,5.55,38,0.146,12.2,
0,4,74,b,3.48,32.6,0.107,12.4,
0,8,1,nb,5.06,36.3,0.139,15,
0,8,1,b,4.54,35.7,0.127,10.4,
0,8,2,nb,6.51,37.6,0.173,12.4,
0,8,2,b,3.27,33.8,0.097,15,
0,8,3,nb,6.44,38.6,0.167,14.7,
0,8,3,b,4.44,34.6,0.128,13.5,
0,8,4,nb,4.76,35.1,0.136,14.8,
0,8,4,b,4.01,35.3,0.114,10.3,
0,8,5,nb,7.94,41.2,0.193,16.2,
0,8,5,b,4.26,35,0.122,12.1,
0,8,6,nb,5.97,38.5,0.155,13.8,
0,8,6,b,4.77,35.9,0.133,11.4,
0,8,7,nb,4.47,36.4,0.123,13.7,
0,8,7,b,3.83,34.2,0.112,11.3,
0,8,8,nb,9.09,42.7,0.213,10.5,
0,8,8,b,3.92,33.1,0.118,13.3,
0,8,9,nb,5.8,38.1,0.152,16.1,
0,8,9,b,4.8,35,0.137,12.4,
0,8,10,nb,7.56,40.5,0.187,14.6,
0,8,10,b,3.77,32.9,0.115,15.2,
0,8,11,nb,6.02,39.7,0.152,13.6,
0,8,11,b,3.75,34.1,0.11,10.4,
0,8,12,nb,6.96,40.1,0.174,13.6,
0,8,12,b,3.88,33.7,0.115,14.4,
0,8,13,nb,7.68,42.2,0.182,10.1,
0,8,13,b,4.49,34.3,0.131,12.3,
0,8,14,nb,5.15,37.7,0.137,15.3,
0,8,14,b,4,33.8,0.118,11.7,
0,8,15,nb,4.74,35.8,0.132,10.9,
0,8,15,b,4.81,37.7,0.128,12.1,
0,8,16,nb,6.85,40,0.171,10.9,
0,8,16,b,4.56,36.5,0.125,11.2,
0,8,17,nb,6.55,38.6,0.17,11.1,
0,8,17,b,4.7,34.6,0.136,11,
0,8,18,nb,8.18,40.6,0.201,9.5,
0,8,18,b,5.13,36,0.143,12.4,
0,8,19,nb,5.39,38.5,0.14,18.4,
0,8,19,b,3.96,33.5,0.118,12.5,
0,8,20,nb,5.48,36.8,0.149,15.1,
0,8,20,b,4.46,35.9,0.124,12.3,
0,8,21,nb,4.89,36,0.136,16.2,
0,8,21,b,3.42,32.5,0.105,16.5,
0,8,22,nb,5.49,36.9,0.149,8.5,
0,8,22,b,5.2,37.7,0.138,12.1,
0,8,23,nb,6.36,38.3,0.166,11.6,
0,8,23,b,4.77,36.8,0.13,14.3,
0,8,24,nb,9.39,45.1,0.208,13,
0,8,24,b,2.95,32.2,0.092,12.2,
0,8,25,nb,4.55,36.2,0.126,23.7,
0,8,25,b,4.33,34.9,0.124,11.8,
0,8,26,nb,5.7,38.8,0.147,11.4,
0,8,26,b,4.04,34.5,0.117,12.6,
0,8,27,nb,6.34,39.4,0.161,16.4,
0,8,27,b,4.06,33.6,0.121,14.5,
0,8,28,nb,6.83,39.6,0.172,17.3,
0,8,28,b,4.2,34,0.124,11.4,
0,8,29,nb,5.19,37.6,0.138,17.2,
0,8,29,b,4.05,34.8,0.116,12.9,
0,8,30,nb,5.07,36.7,0.138,18.6,
0,8,30,b,4.27,35.7,0.12,9.7,
0,8,31,nb,6.06,40,0.152,12.6,
0,8,31,b,5.67,36.4,0.156,10.5,
0,8,32,nb,4.39,34.1,0.129,11.6,
0,8,32,b,4.44,34.3,0.129,11.8,
0,8,33,nb,7.28,39,0.187,12.3,
0,8,33,b,8.56,43,0.199,14.4,
0,8,34,nb,6.86,40.2,0.171,18.2,
0,8,34,b,4.38,35.7,0.123,14.4,
0,8,35,nb,6.16,39.4,0.156,18,
0,8,35,b,4.13,35.2,0.117,11.1,
0,8,36,nb,8.06,42,0.192,17.7,
0,8,36,b,4.61,36,0.128,11.3,
0,8,37,nb,4.56,35.2,0.13,15.2,
0,8,37,b,4.8,35.9,0.134,10.7,
0,8,38,nb,6.18,38.6,0.16,17.9,
0,8,38,b,4.43,35.5,0.125,10.6,
0,8,39,nb,5.14,38.5,0.134,22.1,
0,8,39,b,3.57,33.1,0.108,11.6,
0,8,40,nb,5.87,37.8,0.155,12.3,
0,8,40,b,4.15,34.5,0.12,8.8,
0,8,41,nb,8.82,42.3,0.209,14.4,
0,8,41,b,3.51,31.6,0.111,12.2,
0,8,42,nb,5.87,38,0.154,15,
0,8,42,b,4.71,34.9,0.135,11.6,
0,8,43,nb,2.52,30.9,0.082,16.1,
0,8,43,b,6.78,40.1,0.169,12.6,
0,8,44,nb,5.17,36.8,0.14,12.9,
0,8,44,b,4.45,36.5,0.122,15.4,
0,8,45,nb,7.18,41.7,0.172,21.1,
0,8,45,b,5.33,36.4,0.146,16.6,
0,8,46,nb,5.93,38.8,0.153,24.2,
0,8,46,b,4.38,34.2,0.128,11,
0,8,47,nb,3.42,33.3,0.103,17.4,
0,8,47,b,3.31,31.8,0.104,13.7,
0,8,48,nb,3.82,33.9,0.113,14,
0,8,48,b,4.36,35.1,0.124,10.8,
0,8,49,nb,5.4,37.1,0.146,16.4,
0,8,49,b,3.62,33.5,0.108,12.6,
0,8,50,nb,6.7,39.8,0.168,13.8,
0,8,50,b,3.83,33.2,0.115,9.5,
0,8,51,nb,5.02,35.4,0.142,10.5,
0,8,51,b,5.07,36.5,0.139,11,
0,8,52,nb,3.13,29.9,0.105,10.9,
0,8,52,b,5.92,37.4,0.158,13.7,
0,8,53,nb,7.23,39.6,0.183,16.8,
0,8,53,b,4.32,36.1,0.12,10.4,
0,8,54,nb,2.7,30.8,0.088,19.4,
0,8,54,b,5.07,37.2,0.136,13.2,
0,8,55,nb,4.31,35.1,0.123,21,
0,8,55,b,2.83,30.5,0.093,13.3,
0,8,56,nb,4.16,35.4,0.118,18.1,
0,8,56,b,4.08,34.1,0.12,10.5,
0,8,57,nb,5.4,37.5,0.144,16.6,
0,8,57,b,3.06,30.6,0.1,8.9,
0,8,58,nb,3.91,32.8,0.119,23.1,
0,8,58,b,5.33,37,0.144,13.6,
0,8,59,nb,5.05,35.8,0.141,27.4,
0,8,59,b,4.59,35.3,0.13,14.7,
0,8,60,nb,5.15,36.3,0.142,22.9,
0,8,60,b,3.17,32,0.099,10.7,
0,8,61,nb,5.7,36.7,0.155,22.4,
0,8,61,b,4.04,34.6,0.117,12.3,
0,8,62,nb,4.78,36,0.133,17.8,
0,8,62,b,3.75,34.3,0.109,12.2,
0,8,63,nb,5.09,38.5,0.132,18.3,
0,8,63,b,3.44,31.8,0.108,12.2,
0,8,64,nb,3.05,30.3,0.101,18.8,
0,8,64,b,4.44,34.7,0.128,12.2,
0,8,65,nb,5.57,36,0.155,17,
0,8,65,b,4.12,34.5,0.119,11.8,
0,8,66,nb,5.01,35.7,0.14,19.3,
0,8,66,b,5.3,36.2,0.146,13,
0,8,67,nb,4.6,35.2,0.131,16.1,
0,8,67,b,3.16,31.7,0.1,12,
0,8,68,nb,4.37,33.4,0.131,19,
0,8,68,b,4.89,35.2,0.139,11.6,
0,8,69,nb,3.14,32.4,0.097,18.5,
0,8,69,b,4.07,34.4,0.118,13.2,
0,8,70,nb,5.78,39.3,0.147,21.4,
0,8,70,b,3.72,33.2,0.112,15,
0,8,71,nb,3.65,34.7,0.105,18.1,
0,8,71,b,3.74,32.2,0.116,12.1,
0,8,72,nb,3.57,34.2,0.104,14.3,
0,8,72,b,3.57,33.1,0.108,13.2,
0,8,73,nb,3.47,32.5,0.107,23.1,
0,8,73,b,3.48,32.8,0.106,9.5,
0,8,74,nb,2.79,30.5,0.091,21.7,
0,8,74,b,4.25,35.7,0.119,11.1,
0,12,1,nb,6.84,38.6,0.177,17.6,
0,12,1,b,4.33,35.9,0.121,13,
0,12,2,nb,5.17,35.7,0.145,14.9,
0,12,2,b,3.85,32.5,0.118,12.6,
0,12,3,nb,5.92,38.1,0.155,19.6,
0,12,3,b,5.82,36.7,0.159,12.9,
0,12,4,nb,2.47,30.2,0.082,15.5,
0,12,4,b,3.82,32.9,0.116,11.1,
0,12,5,nb,3.57,31.9,0.112,16.5,
0,12,5,b,5.13,37.2,0.138,11.2,
0,12,6,nb,4.5,35.9,0.125,15.9,
0,12,6,b,3.92,33.3,0.118,13.2,
0,12,7,nb,9.47,41.6,0.228,20.1,
0,12,7,b,3.83,33.8,0.113,12.3,
0,12,8,nb,3.79,34.6,0.11,16.3,
0,12,8,b,4.35,35.8,0.122,19.2,
0,12,9,nb,6.08,38.6,0.158,15.4,
0,12,9,b,5.19,37.2,0.14,11.9,
0,12,10,nb,6.2,37.3,0.166,16,
0,12,10,b,3.75,34.3,0.109,11.9,
0,12,11,nb,6.44,38.9,0.166,19.8,
0,12,11,b,4.3,34.8,0.124,13.9,
0,12,12,nb,6.83,38.2,0.179,18,
0,12,12,b,2.96,31.6,0.094,12.1,
0,12,13,nb,4.12,34,0.121,15.4,
0,12,13,b,3.23,31.9,0.101,12.3,
0,12,14,nb,3.48,31.3,0.111,18.2,
0,12,14,b,3.88,34.2,0.113,13.4,
0,12,15,nb,4.19,35.4,0.118,19.1,
0,12,15,b,5.07,36.5,0.139,12.3,
0,12,16,nb,6.95,39.7,0.175,17.4,
0,12,16,b,4.97,35.9,0.138,12.8,
0,12,17,nb,6.88,39.8,0.173,15.8,
0,12,17,b,3.51,33,0.106,10.7,
0,12,18,nb,6.4,37.6,0.17,15.2,
0,12,18,b,3.64,33.6,0.108,12,
0,12,19,nb,5.6,38.4,0.146,23,
0,12,19,b,3.4,33.1,0.103,23.3,
0,12,20,nb,6.92,40.1,0.173,17.3,
0,12,20,b,3.29,32.2,0.102,15.6,
0,12,21,nb,8.91,42,0.212,21.4,
0,12,21,b,4.1,36.8,0.111,16.3,
0,12,22,nb,3.99,33.8,0.118,21,
0,12,22,b,2.72,32,0.085,13.4,
0,12,23,nb,5.13,37,0.139,20.3,
0,12,23,b,4.23,36.2,0.117,14.3,
0,12,24,nb,5.57,38.5,0.145,16,
0,12,24,b,3.8,34,0.112,13.7,
0,12,25,nb,5.95,38.4,0.155,19.3,
0,12,25,b,4.16,34.3,0.121,11.9,
0,12,26,nb,4.2,33.8,0.124,23.2,
0,12,26,b,5.5,37.1,0.148,14,
0,12,27,nb,8.64,42.6,0.203,18.7,
0,12,27,b,6.65,41.6,0.16,11.1,
0,12,28,nb,10.47,45,0.233,24.9,
0,12,28,b,3.51,33.3,0.105,16,
0,12,29,nb,6.44,38.4,0.168,21.7,
0,12,29,b,4.45,33.7,0.132,12.3,
0,12,30,nb,4.87,36.1,0.135,18.2,
0,12,30,b,3.67,35.5,0.103,13.1,
0,12,31,nb,6.28,39.8,0.158,23.5,
0,12,31,b,4.43,36.7,0.121,12.4,
0,12,32,nb,4.76,36,0.132,18.6,
0,12,32,b,2.81,30.8,0.091,10.9,
0,12,33,nb,3.37,33.4,0.101,21.7,
0,12,33,b,3.53,33.3,0.106,11.8,
0,12,34,nb,3.33,31.7,0.105,20.7,
0,12,34,b,4.75,36.1,0.132,13.4,
0,12,35,nb,6.38,39.6,0.161,23.7,
0,12,35,b,3.31,33.2,0.1,12.7,
0,12,36,nb,7.35,39.5,0.186,19.7,
0,12,36,b,4.56,35.8,0.127,12.9,
0,12,37,nb,8.31,41.1,0.202,19.3,
0,12,37,b,4.67,36.6,0.128,13.1,
0,12,38,nb,7.05,40.5,0.174,21.5,
0,12,38,b,3.25,32.1,0.101,14.1,
0,12,39,nb,5.58,35,0.159,20.8,
0,12,39,b,2.69,31.5,0.085,14.6,
0,12,40,nb,9.2,41.4,0.222,16.6,
0,12,40,b,4.77,36.4,0.131,13.3,
0,12,41,nb,12.01,45.6,0.263,17.2,
0,12,41,b,5.2,36.8,0.141,14.3,
0,12,42,nb,9.5,43.1,0.22,21.2,
0,12,42,b,3.52,34.3,0.103,12.4,
0,12,43,nb,8.93,41.5,0.215,19.5,
0,12,43,b,4.19,35.4,0.118,13.7,
0,12,44,nb,7,40.8,0.172,18.5,
0,12,44,b,4.05,34.5,0.117,9.4,
0,12,45,nb,6.89,39.1,0.176,16.9,
0,12,45,b,3.91,33.4,0.117,13.1,
0,12,46,nb,7.21,39.8,0.181,18.9,
0,12,46,b,4.3,36.6,0.117,14.1,
0,12,47,nb,6.36,38.9,0.163,16.9,
0,12,47,b,3.93,34.5,0.114,12.8,
0,12,48,nb,7.42,39.9,0.186,20,
0,12,48,b,4.23,33.9,0.125,12.2,
0,12,49,nb,5.96,38.6,0.154,18.1,
0,12,49,b,4.03,34.8,0.116,12.7,
0,12,50,nb,7.18,39.4,0.182,16.7,
0,12,50,b,3.86,34.6,0.112,12.3,
0,12,51,nb,7.19,40.4,0.178,17.6,
0,12,51,b,4.72,37.1,0.127,12.1,
0,12,52,nb,8.83,42.9,0.206,15.4,
0,12,52,b,5.22,36.2,0.144,10.2,
0,12,53,nb,6.7,38.6,0.174,22.3,
0,12,53,b,3.95,34,0.116,15.5,
0,12,54,nb,4.93,35.8,0.138,17.8,
0,12,54,b,4.39,34.5,0.127,13,
0,12,55,nb,9.66,43.4,0.223,21.1,
0,12,55,b,3.08,33.7,0.091,14.5,
0,12,56,nb,8.67,41.6,0.208,23.3,
0,12,56,b,3.55,33.4,0.106,11.5,
0,12,57,nb,6.83,40.4,0.169,19.8,
0,12,57,b,4.71,37.8,0.125,11.7,
0,12,58,nb,5.16,36,0.143,18.5,
0,12,58,b,4.37,36,0.121,11.6,
0,12,59,nb,7.88,41.8,0.189,16.1,
0,12,59,b,4.18,33.8,0.124,9.6,
0,12,60,nb,5.71,38.3,0.149,18.6,
0,12,60,b,3.46,32.5,0.106,13.7,
0,12,61,nb,6.19,39,0.159,19,
0,12,61,b,3.6,33.5,0.107,10.5,
0,12,62,nb,5.74,37.5,0.153,15,
0,12,62,b,4.66,36.7,0.127,11.8,
0,12,63,nb,7.96,41.2,0.193,19.4,
0,12,63,b,4.28,36.3,0.118,11.3,
0,12,64,nb,6,38.2,0.157,13.6,
0,12,64,b,8.18,44.2,0.185,16.5,
0,12,65,nb,5.42,36.6,0.148,14.5,
0,12,65,b,3.89,33.9,0.115,9.7,
0,12,66,nb,5.91,38.4,0.154,15.6,
0,12,66,b,4.08,35.7,0.114,13.1,
0,12,67,nb,7.9,41.6,0.19,24.9,
0,12,67,b,5.02,37.6,0.134,12.2,
0,12,68,nb,6.84,39.5,0.173,18.6,
0,12,68,b,3.99,34.4,0.116,12.2,
0,12,69,nb,5.49,37.1,0.148,10.3,
0,12,69,b,4.13,34.8,0.119,12.7,
0,12,70,nb,7.14,40.7,0.175,19.6,
0,12,70,b,4.94,38.4,0.129,14.6,
0,12,71,nb,7.4,40.3,0.184,11.9,
0,12,71,b,4.31,36.3,0.119,13.5,
0,12,72,nb,6.3,37.7,0.167,14.2,
0,12,72,b,4.41,35.7,0.124,14.1,
0,12,73,nb,5.63,37.1,0.152,17.2,
0,12,73,b,3.4,33.2,0.102,11.3,
0,12,74,nb,5.41,37,0.146,15.3,
0,12,74,b,4,34.7,0.115,12.9,
0,16,1,nb,10.01,45.3,0.221,13,
0,16,1,b,9.74,43.5,0.224,12.3,
0,16,2,nb,6.38,38.3,0.167,23.9,
0,16,2,b,5.42,36.2,0.15,14.9,
0,16,3,nb,8.49,41.3,0.206,26,
0,16,3,b,5.92,37.8,0.157,12.1,
0,16,4,nb,8.93,44.3,0.202,15.1,
0,16,4,b,4.51,35.1,0.128,11.9,
0,16,5,nb,8.51,43.6,0.195,13,
0,16,5,b,5.21,37.8,0.138,14.8,
0,16,6,nb,6.03,39.2,0.154,18.9,
0,16,6,b,4.62,35.2,0.131,12.3,
0,16,7,nb,8.01,43.2,0.185,18.9,
0,16,7,b,3.83,33.4,0.115,13.6,
0,16,8,nb,10.1,45.2,0.223,12,
0,16,8,b,4.62,34.3,0.135,11.1,
0,16,9,nb,7.44,41.3,0.18,16.7,
0,16,9,b,3.52,33.1,0.106,9.8,
0,16,10,nb,11.5,48.1,0.239,19.9,
0,16,10,b,5.76,37.4,0.154,11,
0,16,11,nb,8.82,42.3,0.209,16.4,
0,16,11,b,4.17,35.3,0.118,13.1,
0,16,12,nb,7.21,41.2,0.175,19.5,
0,16,12,b,4.46,35.4,0.126,9.8,
0,16,13,nb,9.99,44.2,0.226,18.3,
0,16,13,b,4.07,34,0.12,13.3,
0,16,14,nb,7.56,42.2,0.179,20.9,
0,16,14,b,3.37,32.3,0.104,11.3,
0,16,15,nb,9.33,44.8,0.208,12.6,
0,16,15,b,3.99,35.3,0.113,12.1,
0,16,16,nb,8.68,43.7,0.199,18.8,
0,16,16,b,4.65,36.1,0.129,10.1,
0,16,17,nb,10.7,46.9,0.228,18.9,
0,16,17,b,4.31,35.2,0.122,10.4,
0,16,18,nb,8.17,43.2,0.189,18.9,
0,16,18,b,4.37,35.2,0.124,10.4,
0,16,19,nb,7.77,41.8,0.186,22,
0,16,19,b,4.53,35.9,0.126,26.1,
0,16,20,nb,8.94,43.3,0.206,20.3,
0,16,20,b,5.12,37.8,0.135,13.1,
0,16,21,nb,8.64,43.1,0.2,18.4,
0,16,21,b,5.32,37.8,0.141,15.3,
0,16,22,nb,6.25,39.2,0.159,22,
0,16,22,b,4.45,34.8,0.128,26.1,
0,16,23,nb,6.86,41.4,0.166,20.3,
0,16,23,b,5.12,37.2,0.138,13.1,
0,16,24,nb,8.39,41.2,0.204,18.4,
0,16,24,b,4.1,34.4,0.119,15.3,
0,16,25,nb,7.77,41.4,0.188,21.2,
0,16,25,b,4.66,35.4,0.132,14.2,
0,16,26,nb,7.39,41.5,0.178,17.2,
0,16,26,b,2.83,31.4,0.09,14,
0,16,27,nb,6.37,39.2,0.163,21.1,
0,16,27,b,4.55,36.2,0.126,12.4,
0,16,28,nb,7.51,41.4,0.181,25,
0,16,28,b,4.73,34.9,0.136,14.1,
0,16,29,nb,6.5,40,0.163,19.4,
0,16,29,b,4.32,35.1,0.123,17.6,
0,16,30,nb,8.24,42.9,0.192,20.4,
0,16,30,b,4.05,34.6,0.117,14.1,
0,16,31,nb,7.05,40.5,0.174,16.6,
0,16,31,b,4.54,37.2,0.122,14.8,
0,16,32,nb,6.27,39,0.161,24.2,
0,16,32,b,4.25,35.9,0.118,15.4,
0,16,33,nb,6.84,40.4,0.169,24.1,
0,16,33,b,3.97,34.2,0.116,14.3,
0,16,34,nb,5.82,39.3,0.148,19.5,
0,16,34,b,3.19,32.5,0.098,11.9,
0,16,35,nb,9.62,44.8,0.215,23.4,
0,16,35,b,5.6,37.5,0.149,11.3,
0,16,36,nb,6.95,40.6,0.171,20.9,
0,16,36,b,4.35,34.7,0.125,12.3,
0,16,37,nb,8.37,41.3,0.203,19.6,
0,16,37,b,4.95,35.6,0.139,20,
0,16,38,nb,10.15,45.3,0.224,20.6,
0,16,38,b,3.68,33.2,0.111,17.5,
0,16,39,nb,7.76,40.8,0.19,29.2,
0,16,39,b,3.77,33.6,0.112,18.6,
0,16,40,nb,7.36,41.3,0.178,16.1,
0,16,40,b,3.87,34.8,0.111,17,
0,16,41,nb,6.02,39,0.154,16.2,
0,16,41,b,2.92,31.5,0.093,16.2,
0,16,42,nb,7.39,41.3,0.179,15.3,
0,16,42,b,4.82,36.7,0.131,14,
0,16,43,nb,7.55,41.4,0.182,10.8,
0,16,43,b,3.28,32.5,0.101,15.1,
0,16,44,nb,5.43,37.7,0.144,22.8,
0,16,44,b,3.82,33.8,0.113,17.5,
0,16,45,nb,7.38,39.6,0.186,30.3,
0,16,45,b,3.66,33.6,0.109,13.5,
0,16,46,nb,4.67,35.8,0.13,26.5,
0,16,46,b,6.1,38.4,0.159,14.7,
0,16,47,nb,4.99,35.9,0.139,19.2,
0,16,47,b,2.92,31.3,0.093,13.9,
0,16,48,nb,5.39,36,0.15,22.4,
0,16,48,b,4.53,36,0.126,13.9,
0,16,49,nb,10.69,44.6,0.24,19.8,
0,16,49,b,3.91,33.3,0.117,19.6,
0,16,50,nb,7.51,42.1,0.178,22,
0,16,50,b,4.12,35.1,0.117,15.8,
0,16,51,nb,3.09,31.1,0.099,22.5,
0,16,51,b,4.21,34.6,0.122,15,
0,16,52,nb,7.6,40.3,0.189,24.3,
0,16,52,b,5.14,36.6,0.14,15.3,
0,16,53,nb,3.81,33.4,0.114,23.8,
0,16,53,b,4.97,38.3,0.13,18.8,
0,16,54,nb,4.94,36.3,0.136,21,
0,16,54,b,4.84,35.6,0.136,20.3,
0,16,55,nb,6.42,38.8,0.165,23.8,
0,16,55,b,3.57,32.8,0.109,18.6,
0,16,56,nb,5.58,38,0.147,24.3,
0,16,56,b,4.4,35.5,0.124,16,
0,16,57,nb,4.39,35.1,0.125,28.7,
0,16,57,b,3.87,32.6,0.119,15.6,
0,16,58,nb,9.98,43.4,0.23,23,
0,16,58,b,5.53,38.7,0.143,14.5,
0,16,59,nb,12.04,48.2,0.25,21.4,
0,16,59,b,4.05,34.9,0.116,14.1,
0,16,60,nb,5.54,38.1,0.145,22.8,
0,16,60,b,4.04,35.2,0.115,18,
0,16,61,nb,4.56,36.4,0.125,25.9,
0,16,61,b,5.86,41.2,0.142,11.7,
0,16,62,nb,7.8,42.9,0.182,18.5,
0,16,62,b,4.2,35.6,0.118,11.1,
0,16,63,nb,7.67,42.2,0.182,19.1,
0,16,63,b,4.86,37.3,0.13,17.9,
0,16,64,nb,3.88,33.5,0.116,22.8,
0,16,64,b,3.64,34.1,0.107,15.7,
0,16,65,nb,6.35,39.5,0.161,30.2,
0,16,65,b,3.06,32.6,0.094,17.4,
0,16,66,nb,8.1,42.4,0.191,28.1,
0,16,66,b,3.68,34.7,0.106,12.3,
0,16,67,nb,6.14,38.9,0.158,30,
0,16,67,b,4.61,36.6,0.126,27.7,
0,16,68,nb,7.9,42.1,0.188,20.6,
0,16,68,b,2.92,31,0.094,15.7,
0,16,69,nb,6.88,39.2,0.176,18.6,
0,16,69,b,4.91,38.3,0.128,19.3,
0,16,70,nb,8.43,42,0.201,23.7,
0,16,70,b,3.68,34,0.108,13.8,
0,16,71,nb,3.94,32.6,0.12,23.2,
0,16,71,b,3.83,33,0.116,15.4,
0,16,72,nb,7.39,40.79,0.18,20.3,
0,16,72,b,3.24,33.2,0.098,16.7,
0,16,73,nb,7.39,40.72,0.18,15.9,
0,16,73,b,3.05,30.4,0.1,17,
0,16,74,nb,7.39,40.76,0.18,16.5,
0,16,74,b,3.35,33.5,0.1,15.3,
1,17,1,b ,5.2,37.54,0.138518913,14.40596697,915204
1,17,2,nb,9.5,43.76,0.217093236,22.57769653,915237
1,17,3,nb,5.9,37.8,0.156084656,16.23280423,915240
1,17,4,nb,7.4,42.8,0.172897196,17.98130841,915241
1,17,5,nb,6.1,38.31,0.159227356,16.559645,915279
1,17,6,nb,7.2,40.88,0.176125245,18.31702544,915352
1,17,7,nb,6.883333333,41.85,0.164476304,17.10553564,915247
1,18,8,b ,7,40.5,0.172839506,17.97530864,915197
1,18,9,b ,6.7,38.2,0.17539267,18.2408377,915199
1,18,10,b ,4.6,37.2,0.123655914,12.86021505,915201
1,18,11,nb ,9.3,40.2,0.231343284,24.05970149,915235
1,18,12,nb,9.4,43.7,0.215102975,22.37070938,915237
1,18,13,nb,7.4,40.8,0.181372549,18.8627451,915346
1,19,14,b,4.8,38.1,0.125984252,13.1023622,915202
1,19,15,nb,11.75,47.2,0.248940678,25.88983051,915244
0,20,1,nb,9.37,44.2,0.212,22,
0,20,1,b,11.83,47.1,0.251,26.1,
0,20,2,nb,8.59,44.1,0.195,20.3,
0,20,2,b,4.57,36.3,0.126,13.1,
0,20,3,nb,7.29,41.3,0.177,18.4,
0,20,3,b,5.81,39.6,0.147,15.3,
0,20,4,nb,8.96,44,0.204,21.2,
0,20,4,b,5.3,38.8,0.137,14.2,
0,20,5,nb,6.91,41.9,0.165,19.8,
0,20,5,b,4.91,36.6,0.134,19.6,
0,20,6,nb,8.85,43.7,0.203,22,
0,20,6,b,4.19,35.2,0.119,15.8,
0,20,7,nb,11.47,47.8,0.24,22.5,
0,20,7,b,5.18,38.2,0.136,15,
0,20,8,nb,8,42.9,0.186,24.3,
0,20,8,b,7.02,41.5,0.169,15.3,
0,20,9,nb,8.72,44.4,0.196,23.8,
0,20,9,b,4.96,36.7,0.135,18.8,
0,20,10,nb,6.69,42,0.159,21,
0,20,10,b,5.49,38.6,0.142,20.3,
0,20,11,nb,10.64,45.8,0.232,23.8,
0,20,11,b,5.84,39.5,0.148,18.6,
0,20,12,nb,10.71,46.2,0.232,24.3,
0,20,12,b,5.07,36.8,0.138,16,
0,20,13,nb,8.06,43,0.187,28.7,
0,20,13,b,4.15,36.2,0.115,15.6,
0,20,14,nb,10.3,45.7,0.225,23,
0,20,14,b,3.67,33.9,0.108,14.5,
0,20,15,nb,8.7,43.3,0.201,21.4,
0,20,15,b,4.15,35.2,0.118,14.1,
0,20,16,nb,8.24,43.8,0.188,22.8,
0,20,16,b,8.02,41.8,0.192,18,
0,20,17,nb,8.62,43.5,0.198,25.9,
0,20,17,b,6.8,40.5,0.168,11.7,
0,20,18,nb,12.77,45.5,0.281,18.5,
0,20,18,b,7.36,41.2,0.179,11.1,
0,20,19,nb,5.88,38,0.155,19.1,
0,20,19,b,6.3,38.5,0.164,17.9,
0,20,20,nb,5.7,36.6,0.156,22.8,
0,20,20,b,6.11,39.3,0.155,15.7,
0,20,21,nb,5.09,34.6,0.147,30.2,
0,20,21,b,4.85,36.1,0.134,17.4,
0,20,22,nb,3.14,30.3,0.104,28.1,
0,20,22,b,5.32,36.6,0.145,12.3,
0,20,23,nb,9.28,42.3,0.219,30,
0,20,23,b,6.74,40.1,0.168,27.7,
0,20,24,nb,14.42,49.5,0.291,20.6,
0,20,24,b,4.7,36.2,0.13,15.7,
0,20,25,nb,11.59,45.4,0.255,18.6,
0,20,25,b,5.22,36.9,0.141,19.3,
0,20,26,nb,7.57,41,0.185,23.7,
0,20,26,b,4.74,35.4,0.134,13.8,
0,20,27,nb,9.63,44.7,0.215,23.2,
0,20,27,b,4.77,35.8,0.133,15.4,
0,20,28,nb,6.32,37.4,0.169,20.3,
0,20,28,b,3.53,33.1,0.107,16.7,
0,20,29,nb,6.03,37.5,0.161,15.9,
0,20,29,b,3.82,32.8,0.116,17,
0,20,30,nb,5.86,38.5,0.152,16.5,
0,20,30,b,3.86,34.1,0.113,15.3,
1,20,16,b,5.8,38.8,0.149484536,15.54639175,915201
0,24,1,nb,8.37,43.9,0.191,17.6,
0,24,1,b,8.18,43.5,0.188,23.5,
0,24,2,nb,9.2,43.5,0.211,18.7,
0,24,2,b,5.96,39.3,0.152,16.7,
0,24,3,nb,9.98,46.2,0.216,18.5,
0,24,3,b,5.38,37.3,0.144,14.2,
0,24,4,nb,11.17,47.8,0.234,21.6,
0,24,4,b,5.52,37.5,0.147,30.6,
0,24,5,nb,10.46,45.7,0.229,26.6,
0,24,5,b,7.61,42,0.181,22.7,
0,24,6,nb,8.82,43.6,0.202,25.1,
0,24,6,b,8.18,41.9,0.195,21.7,
0,24,7,nb,10.57,46.1,0.229,22.4,
0,24,7,b,7.57,42.3,0.179,28.7,
0,24,8,nb,10.52,45.1,0.233,26.6,
0,24,8,b,5.91,38.3,0.154,22.7,
0,24,9,nb,13.33,48.3,0.276,25.1,
0,24,9,b,5.7,38,0.15,21.7,
0,24,10,nb,10.03,45.3,0.221,22.4,
0,24,10,b,5.47,39.3,0.139,28.7,
0,24,11,nb,8.87,43.1,0.206,25.2,
0,24,11,b,5.03,37.1,0.136,33.6,
0,24,12,nb,10.19,46.5,0.219,27.3,
0,24,12,b,7.27,41.9,0.174,20.5,
0,24,13,nb,11.7,47,0.249,28.6,
0,24,13,b,3.89,34.6,0.112,24.1,
0,24,14,nb,7.36,41.3,0.178,31.4,
0,24,14,b,3.65,34.1,0.107,21.8,
0,24,15,nb,7.62,41.6,0.183,28.8,
0,24,15,b,7.19,41.8,0.172,19.5,
0,24,16,nb,9.88,45,0.22,29.5,
0,24,16,b,6.1,40.4,0.151,21.5,
0,24,17,nb,15.06,51.9,0.29,24.8,
0,24,17,b,6.71,40.2,0.167,18.6,
0,24,18,nb,12.85,47.6,0.27,24.3,
0,24,18,b,4.12,34.8,0.118,18.4,
0,24,19,nb,14.05,48.7,0.289,22.2,
0,24,19,b,12.41,46.6,0.266,17.8,
0,24,20,nb,8.75,44.1,0.198,11.7,
0,24,20,b,6.07,40.2,0.151,18.8,
0,24,21,nb,6.92,38.7,0.179,25,
0,24,21,b,8.12,43.8,0.185,25.4,
0,24,22,nb,10.32,45.2,0.228,29.1,
0,24,22,b,4.8,36.1,0.133,22.8,
0,24,23,nb,9.65,43.3,0.223,31.5,
0,24,23,b,5.79,39.1,0.148,19.2,
0,24,24,nb,8.42,43.1,0.195,21.5,
0,24,24,b,6.3,39.3,0.16,23,
0,24,25,nb,5.99,39.2,0.153,33.6,
0,24,25,b,6.6,40.3,0.164,24.1,
0,24,26,nb,6.17,39,0.158,25.9,
0,24,26,b,5.87,39.9,0.147,25.8,
0,24,27,nb,6.31,38.6,0.163,27.9,
0,24,27,b,5.37,37.8,0.142,23.8,
0,24,28,nb,5.54,37.8,0.147,22.6,
0,24,28,b,4.26,36.7,0.116,22.8,
0,24,29,nb,6.96,39.1,0.178,32.9,
0,24,29,b,5.54,38.9,0.142,20.1,
0,24,30,nb,3.11,31.1,0.1,20.5,
0,24,30,b,4.75,36.9,0.129,19,
1,24,17,b,26,60.9,0.426929392,44.40065681,915209
1,24,18,b,10.75,46.6,0.230686695,23.99141631,915198
1,24,19,nb,12,48.1,0.249480249,25.94594595,915243
1,24,20,nb,12,47.5,0.252631579,26.27368421,915349
1,24,21,nb,13.5,53.8,0.250929368,26.09665428,915352
0,28,1,nb,10.62,45.5,0.233,21.1,
0,28,1,b,6.56,39.2,0.167,18.7,
0,28,2,nb,12.24,47.3,0.259,21.8,
0,28,2,b,8.09,43.9,0.184,15.7,
0,28,3,nb,14.79,49.8,0.297,21.1,
0,28,3,b,10.16,45.2,0.225,17.6,
0,28,4,nb,9.65,45.1,0.214,19.5,
0,28,4,b,9.59,43.8,0.219,14.1,
0,28,5,nb,10.68,47.4,0.225,23.4,
0,28,5,b,6.42,39,0.165,17.1,
0,28,6,nb,11.93,49.1,0.243,25.3,
0,28,6,b,6.95,39.8,0.175,18.2,
0,28,7,nb,12.39,48.7,0.254,26.5,
0,28,7,b,8.08,44.3,0.182,19,
0,28,8,nb,12.25,48.5,0.253,26.3,
0,28,8,b,5.81,37.7,0.154,16,
0,28,9,nb,8.04,43.2,0.186,19.4,
0,28,9,b,6.32,39.6,0.16,16.6,
0,28,10,nb,13.38,50.2,0.267,27.7,
0,28,10,b,9.04,45.2,0.2,20.8,
0,28,11,nb,9.9,44.8,0.221,23,
0,28,11,b,4.37,36.2,0.121,12.6,
0,28,12,nb,11.41,47.1,0.242,25.2,
0,28,12,b,5.49,37.9,0.145,15.1,
0,28,13,nb,11.42,47.2,0.242,25.2,
0,28,13,b,6.68,41,0.163,16.9,
0,28,14,nb,10.33,45,0.23,23.9,
0,28,14,b,3.82,34.7,0.11,11.4,
0,28,15,nb,8.58,43,0.2,20.8,
0,28,15,b,8.94,43.7,0.205,21.3,
0,28,16,nb,2.69,30.6,0.088,9.1,
0,28,16,b,7.71,41.8,0.184,19.2,
0,28,17,nb,16.63,52.3,0.318,33.1,
0,28,17,b,7.86,43.2,0.182,18.9,
0,28,18,nb,10.62,46.4,0.229,23.8,
0,28,18,b,5.72,39.1,0.146,15.2,
0,28,19,nb,7.39,39.9,0.185,19.3,
0,28,19,b,4.49,37.4,0.12,12.5,
0,28,20,nb,10.18,46.5,0.219,22.8,
0,28,20,b,6.69,40.9,0.164,17,
0,28,21,nb,10.74,47.4,0.227,23.6,
0,28,21,b,5.22,38.8,0.135,14,
0,28,22,nb,7.57,41.3,0.183,19.1,
0,28,22,b,7.97,42.4,0.188,19.5,
0,28,23,nb,15.49,52.5,0.295,30.7,
0,28,23,b,7.57,41.8,0.181,18.8,
0,28,24,nb,13.85,51.2,0.271,28.1,
0,28,24,b,7.18,41.7,0.172,17.9,
0,28,25,nb,11.12,46,0.242,25.1,
0,28,25,b,6.98,41.3,0.169,17.6,
0,28,26,nb,6.49,39.2,0.166,17.2,
0,28,26,b,5.99,40.2,0.149,15.5,
0,28,27,nb,6.75,40,0.169,17.6,
0,28,27,b,10.43,46.2,0.226,23.5,
0,28,28,nb,7.53,41.8,0.18,18.7,
0,28,28,b,6.39,39.8,0.161,16.7,
0,28,29,nb,6.96,39.2,0.178,18.5,
0,28,29,b,5.18,38,0.136,14.2,
0,28,30,nb,9.48,45.6,0.208,21.6,
0,28,30,b,14.72,50,0.294,30.6,
1,28,22,b,19,54.5,0.348623853,36.25688073,915203
1,28,23,nb,22,54,0.407407407,42.37037037,915228
0,32,4,nb,12.29,48.1,0.256,26.6,
0,32,4,b,9.82,44.9,0.219,22.7,
0,32,5,nb,12.11,50.2,0.241,25.1,
0,32,5,b,9.26,44.4,0.209,21.7,
0,32,6,nb,9.99,46.4,0.215,22.4,
0,32,6,b,13.29,48.1,0.276,28.7,
0,32,7,nb,11.69,48.3,0.242,25.2,
0,32,7,b,16.78,52,0.323,33.6,
0,32,8,nb,12.78,48.6,0.263,27.3,
0,32,8,b,8.54,43.3,0.197,20.5,
0,32,9,nb,14.1,51.3,0.275,28.6,
0,32,9,b,10.57,45.7,0.231,24.1,
0,32,10,nb,15.32,50.8,0.302,31.4,
0,32,10,b,8.78,41.9,0.21,21.8,
0,32,11,nb,13.77,49.8,0.277,28.8,
0,32,11,b,7.85,41.9,0.187,19.5,
0,32,12,nb,14.76,52.1,0.283,29.5,
0,32,12,b,8.91,43.1,0.207,21.5,
0,32,13,nb,11.2,46.9,0.239,24.8,
0,32,13,b,7.51,42.1,0.178,18.6,
0,32,14,nb,11.09,47.4,0.234,24.3,
0,32,14,b,7.27,41,0.177,18.4,
0,32,15,nb,9.41,44,0.214,22.2,
0,32,15,b,6.93,40.5,0.171,17.8,
0,32,16,nb,3.57,31.8,0.112,11.7,
0,32,16,b,7.81,43.2,0.181,18.8,
0,32,17,nb,11.69,48.7,0.24,25,
0,32,17,b,12.1,49.5,0.244,25.4,
0,32,18,nb,14.06,50.3,0.28,29.1,
0,32,18,b,10.26,46.8,0.219,22.8,
0,32,19,nb,15.67,51.8,0.303,31.5,
0,32,19,b,8,43.3,0.185,19.2,
0,32,20,nb,8.99,43.4,0.207,21.5,
0,32,20,b,10.66,48.3,0.221,23,
0,32,21,nb,17.69,54.8,0.323,33.6,
0,32,21,b,11.36,49,0.232,24.1,
0,32,22,nb,11.56,46.4,0.249,25.9,
0,32,22,b,12.3,49.6,0.248,25.8,
0,32,23,nb,12.6,47,0.268,27.9,
0,32,23,b,11,48.1,0.229,23.8,
0,32,24,nb,10.27,47.2,0.218,22.6,
0,32,24,b,9.38,42.7,0.22,22.8,
0,32,25,nb,16.6,52.4,0.317,32.9,
0,32,25,b,8.05,41.7,0.193,20.1,
0,32,26,nb,8.43,42.8,0.197,20.5,
0,32,26,b,7.8,42.7,0.183,19,
0,32,27,nb,8.66,42.7,0.203,21.1,
0,32,27,b,7.31,40.6,0.18,18.7,
0,32,28,nb,9.05,43.1,0.21,21.8,
0,32,28,b,5.69,37.8,0.151,15.7,
0,32,29,nb,9.02,44.4,0.203,21.1,
0,32,29,b,6.79,40.2,0.169,17.6,
0,32,30,nb,7.83,41.8,0.187,19.5,
0,32,30,b,5.05,37.2,0.136,14.1,
1,36,24,nb,23.25,59.2,0.392736486,40.84459459,915234
1,36,25,nb,20,56.9,0.351493849,36.55536028,915353
