week,id,wtnb,wtb,sulnb,sulb,bcinb,bcob,sminb,smib
0,1,4.4,5.3,35.3,35.2,0.125,0.151,16.2,13.4
0,2,3.2,4.1,32.3,33.9,0.099,0.121,11.0,12.4
0,3,4.4,6.7,35.2,39.8,0.125,0.168,13.4,11.0
0,4,5.6,3.4,37.5,30,0.149,0.113,14.4,13.4
0,5,3.6,3.9,33.4,32.9,0.108,0.119,12.3,10.8
0,6,3.8,3.5,32.5,32.3,0.117,0.108,13.1,13.6
0,7,3.4,4.8,32.4,36.2,0.105,0.133,16.6,12.1
0,8,5,4.9,36.2,36.2,0.138,0.135,12.5,11.0
0,9,3.5,5.3,32.5,35.6,0.108,0.149,12.6,12.6
0,10,2.8,3.6,30.6,32,0.092,0.113,14.6,14.1
0,11,5,3.9,36,32.6,0.139,0.12,14.3,12.6
0,12,3.2,4,32.1,34.8,0.1,0.115,13.4,12.5
0,13,5.1,3.8,36,32.9,0.142,0.116,13.1,10.9
0,14,4.3,4.7,34.3,35.3,0.125,0.133,15.7,14.6
0,15,5.9,2.8,38.1,31.4,0.155,0.089,13.5,13.3
0,16,4.8,5.2,35,37.6,0.137,0.138,14.7,14.6
0,17,3.3,4.3,31.7,34.2,0.104,0.126,13.6,14.0
0,18,2.6,3.5,30.7,34.1,0.085,0.103,14.4,22.1
0,19,4.6,2.9,35.6,30.9,0.129,0.094,14.2,15.0
0,20,4.1,4.4,34.5,35.5,0.119,0.124,18.8,10.6
0,21,3.4,4.7,33.6,36,0.101,0.131,18.5,13.1
0,22,4.4,4.2,35.4,33.3,0.124,0.126,18.4,15.2
0,23,5.2,3.2,35.7,32.1,0.146,0.1,17.1,13.5
0,24,5,3.8,37.2,31.8,0.134,0.119,14.9,12.8
0,25,4.7,5.4,35.2,36.8,0.134,0.147,16.5,11.6
0,26,3.6,3.7,34.1,33.2,0.106,0.111,17.1,16.4
0,27,3.6,4.2,32.9,33.9,0.109,0.124,19.5,17.0
0,28,4.4,3.6,35.1,32.3,0.125,0.111,16.4,15.0
0,29,2.6,4.7,31.4,35,0.083,0.134,21.7,13.2
0,30,4.2,3.3,35.8,31.6,0.117,0.104,19.3,11.2
0,31,3,4.5,32.3,35.7,0.093,0.126,14.8,11.3
0,32,4.9,2.7,35.1,30.2,0.14,0.089,17.2,11.3
0,33,3.8,5.5,32,37.8,0.119,0.146,16.5,11.5
0,34,2.8,3.8,30.3,34.3,0.092,0.111,13.5,14.2
0,35,2.7,3.2,29.3,31.8,0.092,0.101,17.1,13.8
0,36,5.2,4.2,36.1,34.4,0.144,0.122,15.0,11.4
0,37,6.1,4.6,37.4,35.2,0.163,0.131,15.4,12.9
0,38,5.7,5.3,37.8,36.4,0.151,0.146,16.5,15.1
0,39,7.8,4.1,40.9,32.6,0.191,0.126,14.4,12.0
0,40,5.1,3.9,36,34.8,0.142,0.112,16.9,11.0
0,41,5.7,4.3,37.2,34.4,0.153,0.125,17.2,12.2
0,42,6.1,4.5,38.3,35.4,0.159,0.127,19.4,10.9
0,43,5.6,5,37.2,35.6,0.151,0.14,16.7,10.2
0,44,3.8,4.7,34.2,36.4,0.111,0.129,15.5,12.2
0,45,6.6,3.8,40,34.6,0.165,0.11,14.2,10.9
0,46,5.3,5.3,36.2,36.7,0.146,0.144,16.4,14.0
0,47,6.9,3.9,40.1,33.8,0.172,0.115,13.9,14.0
0,48,5.1,4.5,37.3,36.5,0.137,0.123,15.9,10.2
0,49,4.5,5,34.4,36.3,0.131,0.138,17.5,12.9
0,50,6.6,5.4,40.5,37.7,0.163,0.143,17.1,12.4
0,51,4.7,4.9,35.9,35.6,0.131,0.138,13.7,11.6
0,52,5.4,4.5,36.4,36.5,0.148,0.123,15.1,13.3
0,53,4.8,4.6,36,34.8,0.133,0.132,15.2,12.3
0,54,4.2,4.3,35.3,35,0.119,0.123,14.9,13.7
0,55,6.3,3.8,38,33.6,0.166,0.113,18.4,14.0
0,56,5.7,3.1,37.9,31.6,0.15,0.098,14.3,14.7
0,57,6,4.5,38.6,34.9,0.155,0.129,15.6,21.3
0,58,3.5,4.1,33.2,34.3,0.105,0.12,19.0,12.7
0,59,4.6,3.5,35.7,33.2,0.129,0.105,14.9,12.6
0,60,5.2,4.6,37.5,35.7,0.139,0.129,15.1,12.3
0,61,4.2,3.4,35.6,32.6,0.118,0.104,15.3,11.4
0,62,4.4,4.4,35,33.7,0.126,0.131,13.9,12.6
0,63,6,3.8,37.6,32.7,0.16,0.116,14.0,12.4
0,64,4.3,3.3,35.7,31.1,0.12,0.106,11.3,9.5
0,65,4.2,4.1,34.6,33.8,0.121,0.121,19.9,14.6
0,66,5.1,4.8,36.3,35.5,0.14,0.135,15.3,14.0
0,67,5,4,36.3,33,0.138,0.121,17.8,12.2
0,68,4.4,4.1,34.2,34.1,0.129,0.12,9.8,10.9
0,69,4.5,3.5,35.7,33.4,0.126,0.105,15.7,16.0
0,70,5.5,5,36.5,35.6,0.151,0.14,15.1,13.6
0,71,4.7,4.3,36.3,33.7,0.129,0.128,12.1,12.3
0,72,5.3,5.2,37.5,37,0.141,0.141,16.7,13.1
0,73,4.7,4.6,35.9,34.2,0.131,0.135,14.1,11.3
0,74,5,8.8,36,41.4,0.139,0.213,16.9,12.7
4,1,5.2,5.17,38.2,35.9,0.136,0.144,12.2,12.7
4,2,7.14,3.1,39.4,30.4,0.181,0.102,15.4,12.0
4,3,7.02,4.47,39.5,35.6,0.178,0.126,13.3,13.5
4,4,7.08,5.34,40,36.5,0.177,0.146,16.1,12.0
4,5,6.31,4.33,38.3,33.4,0.165,0.13,10.8,11.7
4,6,4.97,4.36,34.7,35.3,0.143,0.124,19.7,14.2
4,7,5.92,3.83,37.3,34.4,0.159,0.111,12.3,11.9
4,8,6.38,6,38.8,38.1,0.164,0.157,13.6,13.2
4,9,7.76,6.59,41.3,40.3,0.188,0.164,15.9,11.8
4,10,6.09,5.08,38.7,35.3,0.157,0.144,13.2,11.7
4,11,9.26,4.2,44.3,33,0.209,0.127,14.6,13.0
4,12,8.1,3.55,43.7,32.9,0.185,0.108,12.5,10.4
4,13,5.1,3.48,35.8,32,0.142,0.109,16.1,13.0
4,14,6.46,3.73,39,34.3,0.166,0.109,11.4,12.7
4,15,5.92,3.61,37.3,32.6,0.159,0.111,9.6,12.1
4,16,4.77,4.85,36.8,35.5,0.13,0.137,12.4,13.4
4,17,6.04,4.72,36.7,35.7,0.165,0.132,11.5,13.5
4,18,4.91,3.58,34.1,32.8,0.144,0.109,15.2,11.1
4,19,5.22,4.28,35.2,34.6,0.148,0.124,14.5,13.2
4,20,5.87,5.31,36.9,36.5,0.159,0.145,18.0,10.1
4,21,5.12,3.62,37,31.4,0.138,0.115,17.4,13.3
4,22,6.31,3.4,38.8,32.2,0.163,0.106,14.1,11.8
4,23,6.16,3.85,37.3,32.9,0.165,0.117,20.0,12.7
4,24,7.38,3.36,39.6,32,0.186,0.105,16.1,13.8
4,25,6.33,3.01,39.4,30.8,0.161,0.098,12.8,11.6
4,26,5.83,4.12,39,35,0.149,0.118,22.1,12.3
4,27,5.08,3.38,37.2,32.3,0.137,0.105,15.8,14.3
4,28,5.85,4.43,37.1,33,0.158,0.134,19.4,11.9
4,29,4.67,4.81,34.9,35.8,0.134,0.134,15.8,11.4
4,30,5.88,3.01,38.5,30.7,0.153,0.098,18.1,12.0
4,31,6.37,4.44,37.8,35.8,0.169,0.124,18.9,13.6
4,32,6.25,4,38.1,33.5,0.164,0.119,14.2,12.3
4,33,4.53,3.83,34.5,34.4,0.131,0.111,13.8,13.3
4,34,5.49,4.34,37.9,34,0.145,0.128,17.8,13.0
4,35,5.2,3.93,35.6,33.1,0.146,0.119,17.6,14.1
4,36,5.36,4.6,37.4,34.9,0.143,0.132,21.0,14.8
4,37,7.1,4.95,40.2,36.8,0.177,0.135,14.6,12.3
4,38,5.03,5.1,36.6,36.2,0.137,0.141,15.5,12.9
4,39,5.73,8.53,38.3,41.7,0.15,0.205,14.1,10.9
4,40,7.33,4.22,40.2,34.5,0.182,0.122,15.5,14.3
4,41,5.21,4.01,36.4,33.2,0.143,0.121,17.3,13.5
4,42,5.27,3.81,36.3,32.2,0.145,0.118,21.7,9.5
4,43,5.43,3.49,36.8,31.9,0.148,0.109,13.1,12.9
4,44,4.43,4.13,33.1,34.2,0.134,0.121,15.3,12.2
4,45,4.79,4.18,35.5,35.1,0.135,0.119,16.7,12.6
4,46,3.63,2.82,33.4,31,0.109,0.091,17.9,12.8
4,47,7.24,5.35,37.9,38.2,0.191,0.14,14.4,12.1
4,48,5.38,4.78,36.6,35.4,0.147,0.135,14.4,12.4
4,49,6.33,4.03,37,34.4,0.171,0.117,15.8,16.2
4,50,2.82,3.48,29.9,33.1,0.094,0.105,13.4,13.5
4,51,5.53,5.44,36.7,35.4,0.151,0.154,19.4,20.7
4,52,5.49,4.71,37.8,36.1,0.145,0.13,17.7,12.8
4,53,3.76,4.08,32.4,34.5,0.116,0.118,16.3,12.2
4,54,6.09,4.33,37.9,34.3,0.161,0.126,20.0,13.3
4,55,4.76,3.68,35,34,0.136,0.108,13.5,13.9
4,56,6,4.29,36.9,35,0.163,0.123,16.7,13.0
4,57,3.9,4.18,33.2,34.3,0.117,0.122,13.9,11.2
4,58,5.24,3.96,35.5,34.3,0.148,0.115,16.2,12.5
4,59,4.41,4.61,34.6,35.4,0.127,0.13,21.7,11.6
4,60,5.89,4.13,38,35.8,0.155,0.115,16.1,14.0
4,61,3.21,3.95,31,35,0.104,0.113,8.5,17.6
4,62,7.63,5,40.2,36.6,0.19,0.137,14.6,12.7
4,63,3.93,3.86,33.3,33.6,0.118,0.115,17.9,15.2
4,64,4.52,4.39,34.5,34.5,0.131,0.127,15.9,13.3
4,65,5.5,3.78,35.9,33.3,0.153,0.114,10.7,10.8
4,66,4.11,3.67,32.5,32.6,0.126,0.113,11.7,12.9
4,67,5.01,4.35,35.8,34.8,0.14,0.125,15.1,11.2
4,68,4.03,3.32,33.5,33.2,0.12,0.1,17.5,12.0
4,69,5.82,4.59,37.6,36.6,0.155,0.125,14.7,14.4
4,70,3.55,4.3,32.4,35.3,0.11,0.122,10.9,16.5
4,71,2.8,4,30.4,34.4,0.092,0.116,19.0,12.4
4,72,3.89,4.54,32.7,35.2,0.119,0.129,9.1,14.2
4,73,3.38,4.63,30.5,35.7,0.111,0.13,12.8,9.6
4,74,5.55,3.48,38,32.6,0.146,0.107,12.2,12.4
8,1,5.06,4.54,36.3,35.7,0.139,0.127,15.0,10.4
8,2,6.51,3.27,37.6,33.8,0.173,0.097,12.4,15.0
8,3,6.44,4.44,38.6,34.6,0.167,0.128,14.7,13.5
8,4,4.76,4.01,35.1,35.3,0.136,0.114,14.8,10.3
8,5,7.94,4.26,41.2,35,0.193,0.122,16.2,12.1
8,6,5.97,4.77,38.5,35.9,0.155,0.133,13.8,11.4
8,7,4.47,3.83,36.4,34.2,0.123,0.112,13.7,11.3
8,8,9.09,3.92,42.7,33.1,0.213,0.118,10.5,13.3
8,9,5.8,4.8,38.1,35,0.152,0.137,16.1,12.4
8,10,7.56,3.77,40.5,32.9,0.187,0.115,14.6,15.2
8,11,6.02,3.75,39.7,34.1,0.152,0.11,13.6,10.4
8,12,6.96,3.88,40.1,33.7,0.174,0.115,13.6,14.4
8,13,7.68,4.49,42.2,34.3,0.182,0.131,10.1,12.3
8,14,5.15,4,37.7,33.8,0.137,0.118,15.3,11.7
8,15,4.74,4.81,35.8,37.7,0.132,0.128,10.9,12.1
8,16,6.85,4.56,40,36.5,0.171,0.125,10.9,11.2
8,17,6.55,4.7,38.6,34.6,0.17,0.136,11.1,11.0
8,18,8.18,5.13,40.6,36,0.201,0.143,9.5,12.4
8,19,5.39,3.96,38.5,33.5,0.14,0.118,18.4,12.5
8,20,5.48,4.46,36.8,35.9,0.149,0.124,15.1,12.3
8,21,4.89,3.42,36,32.5,0.136,0.105,16.2,16.5
8,22,5.49,5.2,36.9,37.7,0.149,0.138,8.5,12.1
8,23,6.36,4.77,38.3,36.8,0.166,0.13,11.6,14.3
8,24,9.39,2.95,45.1,32.2,0.208,0.092,13.0,12.2
8,25,4.55,4.33,36.2,34.9,0.126,0.124,23.7,11.8
8,26,5.7,4.04,38.8,34.5,0.147,0.117,11.4,12.6
8,27,6.34,4.06,39.4,33.6,0.161,0.121,16.4,14.5
8,28,6.83,4.2,39.6,34,0.172,0.124,17.3,11.4
8,29,5.19,4.05,37.6,34.8,0.138,0.116,17.2,12.9
8,30,5.07,4.27,36.7,35.7,0.138,0.12,18.6,9.7
8,31,6.06,5.67,40,36.4,0.152,0.156,12.6,10.5
8,32,4.39,4.44,34.1,34.3,0.129,0.129,11.6,11.8
8,33,7.28,8.56,39,43,0.187,0.199,12.3,14.4
8,34,6.86,4.38,40.2,35.7,0.171,0.123,18.2,14.4
8,35,6.16,4.13,39.4,35.2,0.156,0.117,18.0,11.1
8,36,8.06,4.61,42,36,0.192,0.128,17.7,11.3
8,37,4.56,4.8,35.2,35.9,0.13,0.134,15.2,10.7
8,38,6.18,4.43,38.6,35.5,0.16,0.125,17.9,10.6
8,39,5.14,3.57,38.5,33.1,0.134,0.108,22.1,11.6
8,40,5.87,4.15,37.8,34.5,0.155,0.12,12.3,8.8
8,41,8.82,3.51,42.3,31.6,0.209,0.111,14.4,12.2
8,42,5.87,4.71,38,34.9,0.154,0.135,15.0,11.6
8,43,2.52,6.78,30.9,40.1,0.082,0.169,16.1,12.6
8,44,5.17,4.45,36.8,36.5,0.14,0.122,12.9,15.4
8,45,7.18,5.33,41.7,36.4,0.172,0.146,21.1,16.6
8,46,5.93,4.38,38.8,34.2,0.153,0.128,24.2,11.0
8,47,3.42,3.31,33.3,31.8,0.103,0.104,17.4,13.7
8,48,3.82,4.36,33.9,35.1,0.113,0.124,14.0,10.8
8,49,5.4,3.62,37.1,33.5,0.146,0.108,16.4,12.6
8,50,6.7,3.83,39.8,33.2,0.168,0.115,13.8,9.5
8,51,5.02,5.07,35.4,36.5,0.142,0.139,10.5,11.0
8,52,3.13,5.92,29.9,37.4,0.105,0.158,10.9,13.7
8,53,7.23,4.32,39.6,36.1,0.183,0.12,16.8,10.4
8,54,2.7,5.07,30.8,37.2,0.088,0.136,19.4,13.2
8,55,4.31,2.83,35.1,30.5,0.123,0.093,21.0,13.3
8,56,4.16,4.08,35.4,34.1,0.118,0.12,18.1,10.5
8,57,5.4,3.06,37.5,30.6,0.144,0.1,16.6,8.9
8,58,3.91,5.33,32.8,37,0.119,0.144,23.1,13.6
8,59,5.05,4.59,35.8,35.3,0.141,0.13,27.4,14.7
8,60,5.15,3.17,36.3,32,0.142,0.099,22.9,10.7
8,61,5.7,4.04,36.7,34.6,0.155,0.117,22.4,12.3
8,62,4.78,3.75,36,34.3,0.133,0.109,17.8,12.2
8,63,5.09,3.44,38.5,31.8,0.132,0.108,18.3,12.2
8,64,3.05,4.44,30.3,34.7,0.101,0.128,18.8,12.2
8,65,5.57,4.12,36,34.5,0.155,0.119,17.0,11.8
8,66,5.01,5.3,35.7,36.2,0.14,0.146,19.3,13.0
8,67,4.6,3.16,35.2,31.7,0.131,0.1,16.1,12.0
8,68,4.37,4.89,33.4,35.2,0.131,0.139,19.0,11.6
8,69,3.14,4.07,32.4,34.4,0.097,0.118,18.5,13.2
8,70,5.78,3.72,39.3,33.2,0.147,0.112,21.4,15.0
8,71,3.65,3.74,34.7,32.2,0.105,0.116,18.1,12.1
8,72,3.57,3.57,34.2,33.1,0.104,0.108,14.3,13.2
8,73,3.47,3.48,32.5,32.8,0.107,0.106,23.1,9.5
8,74,2.79,4.25,30.5,35.7,0.091,0.119,21.7,11.1
12,1,6.84,4.33,38.6,35.9,0.177,0.121,17.6,13.0
12,2,5.17,3.85,35.7,32.5,0.145,0.118,14.9,12.6
12,3,5.92,5.82,38.1,36.7,0.155,0.159,19.6,12.9
12,4,2.47,3.82,30.2,32.9,0.082,0.116,15.5,11.1
12,5,3.57,5.13,31.9,37.2,0.112,0.138,16.5,11.2
12,6,4.5,3.92,35.9,33.3,0.125,0.118,15.9,13.2
12,7,9.47,3.83,41.6,33.8,0.228,0.113,20.1,12.3
12,8,3.79,4.35,34.6,35.8,0.11,0.122,16.3,19.2
12,9,6.08,5.19,38.6,37.2,0.158,0.14,15.4,11.9
12,10,6.2,3.75,37.3,34.3,0.166,0.109,16.0,11.9
12,11,6.44,4.3,38.9,34.8,0.166,0.124,19.8,13.9
12,12,6.83,2.96,38.2,31.6,0.179,0.094,18.0,12.1
12,13,4.12,3.23,34,31.9,0.121,0.101,15.4,12.3
12,14,3.48,3.88,31.3,34.2,0.111,0.113,18.2,13.4
12,15,4.19,5.07,35.4,36.5,0.118,0.139,19.1,12.3
12,16,6.95,4.97,39.7,35.9,0.175,0.138,17.4,12.8
12,17,6.88,3.51,39.8,33,0.173,0.106,15.8,10.7
12,18,6.4,3.64,37.6,33.6,0.17,0.108,15.2,12.0
12,19,5.6,3.4,38.4,33.1,0.146,0.103,23.0,23.3
12,20,6.92,3.29,40.1,32.2,0.173,0.102,17.3,15.6
12,21,8.91,4.1,42,36.8,0.212,0.111,21.4,16.3
12,22,3.99,2.72,33.8,32,0.118,0.085,21.0,13.4
12,23,5.13,4.23,37,36.2,0.139,0.117,20.3,14.3
12,24,5.57,3.8,38.5,34,0.145,0.112,16.0,13.7
12,25,5.95,4.16,38.4,34.3,0.155,0.121,19.3,11.9
12,26,4.2,5.5,33.8,37.1,0.124,0.148,23.2,14.0
12,27,8.64,6.65,42.6,41.6,0.203,0.16,18.7,11.1
12,28,10.47,3.51,45,33.3,0.233,0.105,24.9,16.0
12,29,6.44,4.45,38.4,33.7,0.168,0.132,21.7,12.3
12,30,4.87,3.67,36.1,35.5,0.135,0.103,18.2,13.1
12,31,6.28,4.43,39.8,36.7,0.158,0.121,23.5,12.4
12,32,4.76,2.81,36,30.8,0.132,0.091,18.6,10.9
12,33,3.37,3.53,33.4,33.3,0.101,0.106,21.7,11.8
12,34,3.33,4.75,31.7,36.1,0.105,0.132,20.7,13.4
12,35,6.38,3.31,39.6,33.2,0.161,0.1,23.7,12.7
12,36,7.35,4.56,39.5,35.8,0.186,0.127,19.7,12.9
12,37,8.31,4.67,41.1,36.6,0.202,0.128,19.3,13.1
12,38,7.05,3.25,40.5,32.1,0.174,0.101,21.5,14.1
12,39,5.58,2.69,35,31.5,0.159,0.085,20.8,14.6
12,40,9.2,4.77,41.4,36.4,0.222,0.131,16.6,13.3
12,41,12.01,5.2,45.6,36.8,0.263,0.141,17.2,14.3
12,42,9.5,3.52,43.1,34.3,0.22,0.103,21.2,12.4
12,43,8.93,4.19,41.5,35.4,0.215,0.118,19.5,13.7
12,44,7,4.05,40.8,34.5,0.172,0.117,18.5,9.4
12,45,6.89,3.91,39.1,33.4,0.176,0.117,16.9,13.1
12,46,7.21,4.3,39.8,36.6,0.181,0.117,18.9,14.1
12,47,6.36,3.93,38.9,34.5,0.163,0.114,16.9,12.8
12,48,7.42,4.23,39.9,33.9,0.186,0.125,20.0,12.2
12,49,5.96,4.03,38.6,34.8,0.154,0.116,18.1,12.7
12,50,7.18,3.86,39.4,34.6,0.182,0.112,16.7,12.3
12,51,7.19,4.72,40.4,37.1,0.178,0.127,17.6,12.1
12,52,8.83,5.22,42.9,36.2,0.206,0.144,15.4,10.2
12,53,6.7,3.95,38.6,34,0.174,0.116,22.3,15.5
12,54,4.93,4.39,35.8,34.5,0.138,0.127,17.8,13.0
12,55,9.66,3.08,43.4,33.7,0.223,0.091,21.1,14.5
12,56,8.67,3.55,41.6,33.4,0.208,0.106,23.3,11.5
12,57,6.83,4.71,40.4,37.8,0.169,0.125,19.8,11.7
12,58,5.16,4.37,36,36,0.143,0.121,18.5,11.6
12,59,7.88,4.18,41.8,33.8,0.189,0.124,16.1,9.6
12,60,5.71,3.46,38.3,32.5,0.149,0.106,18.6,13.7
12,61,6.19,3.6,39,33.5,0.159,0.107,19.0,10.5
12,62,5.74,4.66,37.5,36.7,0.153,0.127,15.0,11.8
12,63,7.96,4.28,41.2,36.3,0.193,0.118,19.4,11.3
12,64,6,8.18,38.2,44.2,0.157,0.185,13.6,16.5
12,65,5.42,3.89,36.6,33.9,0.148,0.115,14.5,9.7
12,66,5.91,4.08,38.4,35.7,0.154,0.114,15.6,13.1
12,67,7.9,5.02,41.6,37.6,0.19,0.134,24.9,12.2
12,68,6.84,3.99,39.5,34.4,0.173,0.116,18.6,12.2
12,69,5.49,4.13,37.1,34.8,0.148,0.119,10.3,12.7
12,70,7.14,4.94,40.7,38.4,0.175,0.129,19.6,14.6
12,71,7.4,4.31,40.3,36.3,0.184,0.119,11.9,13.5
12,72,6.3,4.41,37.7,35.7,0.167,0.124,14.2,14.1
12,73,5.63,3.4,37.1,33.2,0.152,0.102,17.2,11.3
12,74,5.41,4,37,34.7,0.146,0.115,15.3,12.9
16,1,10.01,9.74,45.3,43.5,0.221,0.224,13.0,12.3
16,2,6.38,5.42,38.3,36.2,0.167,0.15,23.9,14.9
16,3,8.49,5.92,41.3,37.8,0.206,0.157,26.0,12.1
16,4,8.93,4.51,44.3,35.1,0.202,0.128,15.1,11.9
16,5,8.51,5.21,43.6,37.8,0.195,0.138,13.0,14.8
16,6,6.03,4.62,39.2,35.2,0.154,0.131,18.9,12.3
16,7,8.01,3.83,43.2,33.4,0.185,0.115,18.9,13.6
16,8,10.1,4.62,45.2,34.3,0.223,0.135,12.0,11.1
16,9,7.44,3.52,41.3,33.1,0.18,0.106,16.7,9.8
16,10,11.5,5.76,48.1,37.4,0.239,0.154,19.9,11.0
16,11,8.82,4.17,42.3,35.3,0.209,0.118,16.4,13.1
16,12,7.21,4.46,41.2,35.4,0.175,0.126,19.5,9.8
16,13,9.99,4.07,44.2,34,0.226,0.12,18.3,13.3
16,14,7.56,3.37,42.2,32.3,0.179,0.104,20.9,11.3
16,15,9.33,3.99,44.8,35.3,0.208,0.113,12.6,12.1
16,16,8.68,4.65,43.7,36.1,0.199,0.129,,10.1
16,17,10.7,4.31,46.9,35.2,0.228,0.122,,10.4
16,18,8.17,4.37,43.2,35.2,0.189,0.124,,10.4
16,19,7.77,4.53,41.8,35.9,0.186,0.126,#REF!,#REF!
16,20,8.94,5.12,43.3,37.8,0.206,0.135,#REF!,#REF!
16,21,8.64,5.32,43.1,37.8,0.2,0.141,#REF!,#REF!
16,22,6.25,4.45,39.2,34.8,0.159,0.128,21.2,14.2
16,23,6.86,5.12,41.4,37.2,0.166,0.138,17.2,14.0
16,24,8.39,4.1,41.2,34.4,0.204,0.119,21.1,12.4
16,25,7.77,4.66,41.4,35.4,0.188,0.132,25.0,14.1
16,26,7.39,2.83,41.5,31.4,0.178,0.09,19.4,17.6
16,27,6.37,4.55,39.2,36.2,0.163,0.126,20.4,14.1
16,28,7.51,4.73,41.4,34.9,0.181,0.136,16.6,14.8
16,29,6.5,4.32,40,35.1,0.163,0.123,24.2,15.4
16,30,8.24,4.05,42.9,34.6,0.192,0.117,24.1,14.3
16,31,7.05,4.54,40.5,37.2,0.174,0.122,19.5,11.9
16,32,6.27,4.25,39,35.9,0.161,0.118,23.4,11.3
16,33,6.84,3.97,40.4,34.2,0.169,0.116,20.9,12.3
16,34,5.82,3.19,39.3,32.5,0.148,0.098,19.6,20.0
16,35,9.62,5.6,44.8,37.5,0.215,0.149,20.6,17.5
16,36,6.95,4.35,40.6,34.7,0.171,0.125,29.2,18.6
16,37,8.37,4.95,41.3,35.6,0.203,0.139,16.1,17.0
16,38,10.15,3.68,45.3,33.2,0.224,0.111,16.2,16.2
16,39,7.76,3.77,40.8,33.6,0.19,0.112,15.3,14.0
16,40,7.36,3.87,41.3,34.8,0.178,0.111,10.8,15.1
16,41,6.02,2.92,39,31.5,0.154,0.093,22.8,17.5
16,42,7.39,4.82,41.3,36.7,0.179,0.131,30.3,13.5
16,43,7.55,3.28,41.4,32.5,0.182,0.101,26.5,14.7
16,44,5.43,3.82,37.7,33.8,0.144,0.113,19.2,13.9
16,45,7.38,3.66,39.6,33.6,0.186,0.109,22.4,13.9
16,46,4.67,6.1,35.8,38.4,0.13,0.159,17.6,11.1
16,47,4.99,2.92,35.9,31.3,0.139,0.093,16.7,12.1
16,48,5.39,4.53,36,36,0.15,0.126,15.8,11.8
16,49,10.69,3.91,44.6,33.3,0.24,0.117,19.8,19.6
16,50,7.51,4.12,42.1,35.1,0.178,0.117,22.0,15.8
16,51,3.09,4.21,31.1,34.6,0.099,0.122,22.5,15.0
16,52,7.6,5.14,40.3,36.6,0.189,0.14,24.3,15.3
16,53,3.81,4.97,33.4,38.3,0.114,0.13,23.8,18.8
16,54,4.94,4.84,36.3,35.6,0.136,0.136,21.0,20.3
16,55,6.42,3.57,38.8,32.8,0.165,0.109,23.8,18.6
16,56,5.58,4.4,38,35.5,0.147,0.124,24.3,16.0
16,57,4.39,3.87,35.1,32.6,0.125,0.119,28.7,15.6
16,58,9.98,5.53,43.4,38.7,0.23,0.143,23.0,14.5
16,59,12.04,4.05,48.2,34.9,0.25,0.116,21.4,14.1
16,60,5.54,4.04,38.1,35.2,0.145,0.115,22.8,18.0
16,61,4.56,5.86,36.4,41.2,0.125,0.142,25.9,11.7
16,62,7.8,4.2,42.9,35.6,0.182,0.118,18.5,11.1
16,63,7.67,4.86,42.2,37.3,0.182,0.13,19.1,17.9
16,64,3.88,3.64,33.5,34.1,0.116,0.107,22.8,15.7
16,65,6.35,3.06,39.5,32.6,0.161,0.094,30.2,17.4
16,66,8.1,3.68,42.4,34.7,0.191,0.106,28.1,12.3
16,67,6.14,4.61,38.9,36.6,0.158,0.126,30.0,27.7
16,68,7.9,2.92,42.1,31,0.188,0.094,20.6,15.7
16,69,6.88,4.91,39.2,38.3,0.176,0.128,18.6,19.3
16,70,8.43,3.68,42,34,0.201,0.108,23.7,13.8
16,71,3.94,3.83,32.6,33,0.121,0.116,23.2,15.4
16,72,7.39,3.24, - ,33.2, - ,0.098,20.3,16.7
16,73,7.39,3.05, - ,30.4, - ,0.1,15.9,17.0
16,74,7.39,3.35, - ,33.5, - ,0.1,16.5,15.3
20,4,8.96,5.3,44,38.8,0.204,0.137,10.4,13.4
20,5,6.91,4.91,41.9,36.6,0.165,0.134,24.3,17.4
20,6,8.85,4.19,43.7,35.2,0.203,0.119,26.9,19.2
20,7,11.47,5.18,47.8,38.2,0.24,0.136,30.9,23.4
20,8,8,7.02,42.9,41.5,0.186,0.169,22.3,22.8
20,9,8.72,4.96,44.4,36.7,0.196,0.135,23.4,17.1
20,10,6.69,5.49,42,38.6,0.159,0.142,25.3,18.2
20,11,10.64,5.84,45.8,39.5,0.232,0.148,26.5,19.0
20,12,10.71,5.07,46.2,36.8,0.232,0.138,26.3,16.0
20,13,8.06,4.15,43,36.2,0.187,0.115,19.4,16.6
20,14,10.3,3.67,45.7,33.9,0.225,0.108,27.7,20.8
20,15,8.7,4.15,43.3,35.2,0.201,0.118,23.0,12.6
20,16,8.24,8.02,43.8,41.8,0.188,0.192,25.2,15.1
20,17,8.62,6.8,43.5,40.5,0.198,0.168,25.2,16.9
20,18,12.77,7.36,45.5,41.2,0.281,0.179,23.9,11.4
20,19,5.88,6.3,38,38.5,0.155,0.164,20.8,21.3
20,20,5.7,6.11,36.6,39.3,0.156,0.155,9.1,19.2
20,21,5.09,4.85,34.6,36.1,0.147,0.134,33.1,18.9
20,22,3.14,5.32,30.3,36.6,0.104,0.145,23.8,15.2
20,23,9.28,6.74,42.3,40.1,0.219,0.168,19.3,12.5
20,24,14.42,4.7,49.5,36.2,0.291,0.13,22.8,17.0
20,25,11.59,5.22,45.4,36.9,0.255,0.141,23.6,14.0
20,26,7.57,4.74,41,35.4,0.185,0.134,19.1,19.5
20,27,9.63,4.77,44.7,35.8,0.215,0.133,30.7,18.8
20,28,6.32,3.53,37.4,33.1,0.169,0.107,28.1,17.9
20,29,6.03,3.82,37.5,32.8,0.161,0.116,25.1,17.6
20,30,5.86,3.86,38.5,34.1,0.152,0.113,17.2,15.5
24,1,8.37,8.18,43.9,43.5,0.191,0.188,17.6,23.5
24,2,9.2,5.96,43.5,39.3,0.211,0.152,18.7,16.7
24,3,9.98,5.38,46.2,37.3,0.216,0.144,18.5,14.2
24,4,11.17,5.52,47.8,37.5,0.234,0.147,21.6,30.6
24,5,10.46,7.61,45.7,42,0.229,0.181,#REF!,#REF!
24,6,8.82,8.18,43.6,41.9,0.202,0.195,#REF!,#REF!
24,7,10.57,7.57,46.1,42.3,0.229,0.179,#REF!,#REF!
24,8,10.52,5.91,45.1,38.3,0.233,0.154,26.6,22.7
24,9,13.33,5.7,48.3,38,0.276,0.15,25.1,21.7
24,10,10.03,5.47,45.3,39.3,0.221,0.139,22.4,28.7
24,11,8.87,5.03,43.1,37.1,0.206,0.136,25.2,33.6
24,12,10.19,7.27,46.5,41.9,0.219,0.174,27.3,20.5
24,13,11.7,3.89,47,34.6,0.249,0.112,28.6,24.1
24,14,7.36,3.65,41.3,34.1,0.178,0.107,31.4,21.8
24,15,7.62,7.19,41.6,41.8,0.183,0.172,28.8,19.5
24,16,9.88,6.1,45,40.4,0.22,0.151,29.5,21.5
24,17,15.06,6.71,51.9,40.2,0.29,0.167,24.8,18.6
24,18,12.85,4.12,47.6,34.8,0.27,0.118,24.3,18.4
24,19,14.05,12.41,48.7,46.6,0.289,0.266,22.2,17.8
24,20,8.75,6.07,44.1,40.2,0.198,0.151,11.7,18.8
24,21,6.92,8.12,38.7,43.8,0.179,0.185,25.0,25.4
24,22,10.32,4.8,45.2,36.1,0.228,0.133,29.1,22.8
24,23,9.65,5.79,43.3,39.1,0.223,0.148,31.5,19.2
24,24,8.42,6.3,43.1,39.3,0.195,0.16,21.5,23.0
24,25,5.99,6.6,39.2,40.3,0.153,0.164,33.6,24.1
24,26,6.17,5.87,39,39.9,0.158,0.147,25.9,25.8
24,27,6.31,5.37,38.6,37.8,0.163,0.142,27.9,23.8
24,28,5.54,4.26,37.8,36.7,0.147,0.116,22.6,22.8
24,29,6.96,5.54,39.1,38.9,0.178,0.142,32.9,20.1
24,30,3.11,4.75,31.1,36.9,0.1,0.129,20.5,19.0
28,1,10.62,6.56,45.5,39.2,0.233,0.167,21.1,18.7
28,2,12.24,8.09,47.3,43.9,0.259,0.184,21.8,15.7
28,3,14.79,10.16,49.8,45.2,0.297,0.225,21.1,17.6
28,4,9.65,9.59,45.1,43.8,0.214,0.219,19.5,14.1
28,5,10.68,6.42,47.4,39,0.225,0.165,23.4,17.1
28,6,11.93,6.95,49.1,39.8,0.243,0.175,25.3,18.2
28,7,12.39,8.08,48.7,44.3,0.254,0.182,26.5,19.0
28,8,12.25,5.81,48.5,37.7,0.253,0.154,26.3,16.0
28,9,8.04,6.32,43.2,39.6,0.186,0.16,19.4,16.6
28,10,13.38,9.04,50.2,45.2,0.267,0.2,27.7,20.8
28,11,9.9,4.37,44.8,36.2,0.221,0.121,23.0,12.6
28,12,11.41,5.49,47.1,37.9,0.242,0.145,25.2,15.1
28,13,11.42,6.68,47.2,41,0.242,0.163,25.2,16.9
28,14,10.33,3.82,45,34.7,0.23,0.11,23.9,11.4
28,15,8.58,8.94,43,43.7,0.2,0.205,20.8,21.3
28,16,2.69,7.71,30.6,41.8,0.088,0.184,9.1,19.2
28,17,16.63,7.86,52.3,43.2,0.318,0.182,33.1,18.9
28,18,10.62,5.72,46.4,39.1,0.229,0.146,23.8,15.2
28,19,7.39,4.49,39.9,37.4,0.185,0.12,19.3,12.5
28,20,10.18,6.69,46.5,40.9,0.219,0.164,22.8,17.0
28,21,10.74,5.22,47.4,38.8,0.227,0.135,23.6,14.0
28,22,7.57,7.97,41.3,42.4,0.183,0.188,19.1,19.5
28,23,15.49,7.57,52.5,41.8,0.295,0.181,30.7,18.8
28,24,13.85,7.18,51.2,41.7,0.271,0.172,28.1,17.9
28,25,11.12,6.98,46,41.3,0.242,0.169,25.1,17.6
28,26,6.49,5.99,39.2,40.2,0.166,0.149,17.2,15.5
28,27,6.75,10.43,40,46.2,0.169,0.226,17.6,23.5
28,28,7.53,6.39,41.8,39.8,0.18,0.161,18.7,16.7
28,29,6.96,5.18,39.2,38,0.178,0.136,18.5,14.2
28,30,9.48,14.72,45.6,50,0.208,0.294,21.6,30.6
32,4,12.29,9.82,48.1,44.9,0.256,0.219,26.6,22.7
32,5,12.11,9.26,50.2,44.4,0.241,0.209,25.1,21.7
32,6,9.99,13.29,46.4,48.1,0.215,0.276,22.4,28.7
32,7,11.69,16.78,48.3,52,0.242,0.323,25.2,33.6
32,8,12.78,8.54,48.6,43.3,0.263,0.197,27.3,20.5
32,9,14.1,10.57,51.3,45.7,0.275,0.231,28.6,24.1
32,10,15.32,8.78,50.8,41.9,0.302,0.21,31.4,21.8
32,11,13.77,7.85,49.8,41.9,0.277,0.187,28.8,19.5
32,12,14.76,8.91,52.1,43.1,0.283,0.207,29.5,21.5
32,13,11.2,7.51,46.9,42.1,0.239,0.178,24.8,18.6
32,14,11.09,7.27,47.4,41,0.234,0.177,24.3,18.4
32,15,9.41,6.93,44,40.5,0.214,0.171,22.2,17.8
32,16,3.57,7.81,31.8,43.2,0.112,0.181,11.7,18.8
32,17,11.69,12.1,48.7,49.5,0.24,0.244,25.0,25.4
32,18,14.06,10.26,50.3,46.8,0.28,0.219,29.1,22.8
32,19,15.67,8,51.8,43.3,0.303,0.185,31.5,19.2
32,20,8.99,10.66,43.4,48.3,0.207,0.221,21.5,23.0
32,21,17.69,11.36,54.8,49,0.323,0.232,33.6,24.1
32,22,11.56,12.3,46.4,49.6,0.249,0.248,25.9,25.8
32,23,12.6,11,47,48.1,0.268,0.229,27.9,23.8
32,24,10.27,9.38,47.2,42.7,0.218,0.22,22.6,22.8
32,25,16.6,8.05,52.4,41.7,0.317,0.193,32.9,20.1
32,26,8.43,7.8,42.8,42.7,0.197,0.183,20.5,19.0
32,27,8.66,7.31,42.7,40.6,0.203,0.18,21.1,18.7
32,28,9.05,5.69,43.1,37.8,0.21,0.151,21.8,15.7
32,29,9.02,6.79,44.4,40.2,0.203,0.169,21.1,17.6
32,30,7.83,5.05,41.8,37.2,0.187,0.136,19.5,14.1
